CREATE DATABASE  IF NOT EXISTS `bd_investigacion` /*!40100 DEFAULT CHARACTER SET utf8 */;
USE `bd_investigacion`;
-- MySQL dump 10.13  Distrib 5.7.9, for Win64 (x86_64)
--
-- Host: 127.0.0.1    Database: bd_investigacion
-- ------------------------------------------------------
-- Server version	5.7.11-log

/*!40101 SET @OLD_CHARACTER_SET_CLIENT=@@CHARACTER_SET_CLIENT */;
/*!40101 SET @OLD_CHARACTER_SET_RESULTS=@@CHARACTER_SET_RESULTS */;
/*!40101 SET @OLD_COLLATION_CONNECTION=@@COLLATION_CONNECTION */;
/*!40101 SET NAMES utf8 */;
/*!40103 SET @OLD_TIME_ZONE=@@TIME_ZONE */;
/*!40103 SET TIME_ZONE='+00:00' */;
/*!40014 SET @OLD_UNIQUE_CHECKS=@@UNIQUE_CHECKS, UNIQUE_CHECKS=0 */;
/*!40014 SET @OLD_FOREIGN_KEY_CHECKS=@@FOREIGN_KEY_CHECKS, FOREIGN_KEY_CHECKS=0 */;
/*!40101 SET @OLD_SQL_MODE=@@SQL_MODE, SQL_MODE='NO_AUTO_VALUE_ON_ZERO' */;
/*!40111 SET @OLD_SQL_NOTES=@@SQL_NOTES, SQL_NOTES=0 */;

--
-- Table structure for table `carrera`
--

DROP TABLE IF EXISTS `carrera`;
/*!40101 SET @saved_cs_client     = @@character_set_client */;
/*!40101 SET character_set_client = utf8 */;
CREATE TABLE `carrera` (
  `IdCarrera` int(11) NOT NULL AUTO_INCREMENT,
  `NombreCarrera` varchar(100) DEFAULT NULL,
  `SiglaCarrera` char(10) CHARACTER SET utf8 COLLATE utf8_spanish2_ci DEFAULT NULL,
  `IdTipoCarrera` int(11) DEFAULT NULL,
  `TotalPeriodosCarrera` int(11) DEFAULT NULL,
  `IdModalidadCarrera` int(11) DEFAULT NULL,
  `EstadoCarrera` char(2) DEFAULT NULL,
  `UsuarioGraba` varchar(45) DEFAULT NULL,
  `FechaGraba` datetime DEFAULT NULL,
  `UsuarioModifica` varchar(45) DEFAULT NULL,
  `FechaModifica` datetime DEFAULT NULL,
  `CodigoCarrera` char(15) DEFAULT NULL,
  `CampusCarrera` varchar(200) DEFAULT NULL,
  `TituloCarrera` varchar(200) DEFAULT NULL,
  `CodigoInstituto` int(11) DEFAULT NULL,
  `RraCarrera` varchar(20) DEFAULT NULL,
  `idZona` int(5) DEFAULT NULL,
  PRIMARY KEY (`IdCarrera`)
) ENGINE=InnoDB AUTO_INCREMENT=19 DEFAULT CHARSET=utf8;
/*!40101 SET character_set_client = @saved_cs_client */;

--
-- Dumping data for table `carrera`
--

LOCK TABLES `carrera` WRITE;
/*!40000 ALTER TABLE `carrera` DISABLE KEYS */;
INSERT INTO `carrera` VALUES (1,'TECNICO SUPERIOR EN ADMINISTRACIÓN DE EMPRESAS','TAE',1,4,1,'A','SA','2016-09-09 15:08:05','SA','2018-03-17 12:13:34','000538',NULL,NULL,2118,NULL,NULL),(2,'TECNICO SUPERIOR EN ANALISIS DE SISTEMAS','TAS',1,4,1,'A','SA','2016-09-09 15:08:05','SA','2018-03-17 12:13:14','000535',NULL,NULL,2118,NULL,NULL),(3,'TECNICO SUPERIOR EN CONTABILIDAD BANCARIA','TCB',1,4,1,'A','SA','2016-09-09 15:08:05','SA','2018-03-17 12:13:00','000536',NULL,NULL,2118,NULL,NULL),(4,'TECNICO SUPERIOR EN PROGRAMACION DE SISTEMAS','TPS',1,4,1,'A','SA','2016-09-09 15:08:05','SA','2018-03-17 12:12:47','000537',NULL,NULL,2118,NULL,NULL),(5,'TECNICO SUPERIOR EN SEGURIDAD CIUDADANA Y ORDEN PUBLICO','TSC',2,4,2,'A','SA','2016-09-09 15:08:05','SA','2018-03-17 12:12:34','541032A-P-01',NULL,NULL,2118,NULL,NULL),(6,'TECNICO SUPERIOR EN SEGURIDAD PENITENCIARIA','TSP',2,4,2,'A','SA','2016-09-09 15:08:05','SA','2018-03-17 12:12:10','541032E-D-01',NULL,NULL,2118,NULL,NULL),(7,'TECNOLOGÍA EN PROCESAMIENTO DE ALIMENTOS','TPA',2,5,6,'I','SA','2016-09-09 15:08:05','','2019-12-03 14:43:23','550523B-P-01','SEDE PRINCIPAL','TECNÓLOGO EN PROCESAMIENTO DE ALIMENTOS',2118,'2013',10),(8,'TECNOLOGÍA EN SEGURIDAD Y PREVENCIÓN DE RIESGOS LABORALES','TRL',2,6,3,'A','SA','2016-09-09 15:08:05','SA','2018-03-17 12:11:41','551023D-P-01',NULL,NULL,2118,NULL,NULL),(9,'TECNOLOGÍA EN PLANIFICACIÓN Y GESTIÓN DE TRANSPORTE TERRESTRE','TPT',2,6,3,'A','SA','2016-09-09 15:08:05','SA','2018-03-17 12:11:24','551042H-P-01',NULL,NULL,2118,NULL,NULL),(10,'TECNOLOGÍA SUPERIOR EN MEDICIÓN Y MONITOREO AMBIENTAL','TMMA',2,5,3,'A','WSUAREZU','2017-10-05 16:30:36','SA','2018-03-17 12:10:52','550712A-D-01',NULL,NULL,2118,NULL,NULL),(11,'TECNOLOGÍA EN DESARROLLO DE SOFTWARE','TDS',2,5,1,'A','WSUAREZU','2017-10-05 16:31:05','SA','2018-03-17 12:10:30','550613A-P-01',NULL,NULL,2118,NULL,NULL),(12,'TECNOLOGÍA EN ENSAMBLAJE Y MANTENIMIENTO DE EQUIPOS DE CÓMPUTO','TEMEC',2,5,1,'A','WSUAREZU','2017-10-05 16:32:10','SA','2018-03-17 12:10:15','550611B-P-01',NULL,NULL,2118,NULL,NULL),(13,'TECNOLOGÍA SUPERIOR EN CONTABILIDAD','TSC',2,5,1,'A','SA','2017-10-06 16:21:30','SA','2018-03-17 12:14:06','550411C-P-01',NULL,NULL,2118,NULL,NULL),(14,'TECNOLOGÍA SUPERIOR EN PROCESAMIENTO DE ALIMENTOS','TSPA',2,5,3,'A','SA','2017-11-29 20:31:13','','2019-12-03 14:19:10','550721A-D-01','SEDE PRINCIPAL','TECNÓLOGO SUPERIOR EN EN PROCESAMIENTO DE ALIMENTOS',2118,'2013',10),(15,'TECNOLOGÍA SUPERIOR EN PLANIFICACIÓN Y GESTION DE TRANSPORTE TERRESTRE','TSPT',2,5,3,'A','SA','2017-12-10 19:55:57','SA','2018-03-17 12:09:48','551041H-P-01',NULL,NULL,2118,NULL,NULL),(16,'TECNOLOGÍA SUPERIOR EN SEGURIDAD Y PREVENCIÓN DE RIESGOS LABORALES','TSRL',2,5,3,'A','SA','2017-12-10 19:56:38','SA','2018-03-17 12:09:28','551022D-P-01',NULL,NULL,2118,NULL,NULL),(17,'MODULO DE INGLES','MI',4,6,1,'A','SA','2018-05-11 11:33:26','SENESCYT','2018-07-03 16:08:40','551045I-I-01',NULL,NULL,2118,NULL,NULL),(18,'TECNOLOGÍA SUPERIOR EN ADMINISTRACIÓN','TA',2,5,6,'A','JPLAZAQ','2018-10-09 09:45:23','JPLAZAQ','2018-10-16 11:59:19','550413B01','SEDE PRINCIPAL','TECNÓLOGO SUPERIOR EN ADMINISTRACIÓN',2118,'RRA2013',8);
/*!40000 ALTER TABLE `carrera` ENABLE KEYS */;
UNLOCK TABLES;

--
-- Table structure for table `inv_area`
--

DROP TABLE IF EXISTS `inv_area`;
/*!40101 SET @saved_cs_client     = @@character_set_client */;
/*!40101 SET character_set_client = utf8 */;
CREATE TABLE `inv_area` (
  `id_area` int(10) NOT NULL AUTO_INCREMENT,
  `descripcion` varchar(100) DEFAULT NULL,
  `estado` int(1) DEFAULT '1',
  PRIMARY KEY (`id_area`),
  UNIQUE KEY `descripcion` (`descripcion`)
) ENGINE=InnoDB AUTO_INCREMENT=13 DEFAULT CHARSET=utf8;
/*!40101 SET character_set_client = @saved_cs_client */;

--
-- Dumping data for table `inv_area`
--

LOCK TABLES `inv_area` WRITE;
/*!40000 ALTER TABLE `inv_area` DISABLE KEYS */;
INSERT INTO `inv_area` VALUES (1,'NO REGISTRA',1),(2,'Tecnología en Procesamiento de Alimentos',1),(3,'Tecnología en Seguridad y Prevención de Riesgos Laborales',1),(4,'Tecnología en Planificación y Gestión del Transporte Terrestre',1),(5,'Tecnología en Medición y Monitoreo Ambiental',1),(6,'Tecnología en Desarrollo de Software ',1),(7,'Tecnología en Ensamblaje y Mantenimiento de Equipos de Computo',1),(8,'Tecnología en Contabilidad ',1),(9,'Tecnología en Administración ',1),(10,'Tecnicatura en Seguridad Ciudadana y Orden Público',1),(11,'Tecnicatura en Seguridad Penitenciaria',1),(12,'ACADÉMICA',1);
/*!40000 ALTER TABLE `inv_area` ENABLE KEYS */;
UNLOCK TABLES;

--
-- Table structure for table `inv_autor`
--

DROP TABLE IF EXISTS `inv_autor`;
/*!40101 SET @saved_cs_client     = @@character_set_client */;
/*!40101 SET character_set_client = utf8 */;
CREATE TABLE `inv_autor` (
  `id_autor` int(10) NOT NULL AUTO_INCREMENT,
  `cedula` varchar(15) DEFAULT NULL,
  `nombre` varchar(100) DEFAULT NULL,
  `apellido` varchar(100) DEFAULT NULL,
  `telefono` varchar(100) DEFAULT NULL,
  `correo` varchar(100) DEFAULT NULL,
  `id_profesion` int(10) DEFAULT NULL,
  `estado` int(1) DEFAULT '1',
  PRIMARY KEY (`id_autor`),
  UNIQUE KEY `cedula` (`cedula`),
  KEY `FK_inv_autor_inv_profesion` (`id_profesion`),
  CONSTRAINT `FK_inv_autor_inv_profesion` FOREIGN KEY (`id_profesion`) REFERENCES `inv_profesion` (`id_profesion`)
) ENGINE=InnoDB AUTO_INCREMENT=92 DEFAULT CHARSET=utf8;
/*!40101 SET character_set_client = @saved_cs_client */;

--
-- Dumping data for table `inv_autor`
--

LOCK TABLES `inv_autor` WRITE;
/*!40000 ALTER TABLE `inv_autor` DISABLE KEYS */;
INSERT INTO `inv_autor` VALUES (1,'0999999999','No ','Registra','0000000000','noregistra@gmail.com',1,1),(2,'0914277165','JOSE LUIS','ALCIVAR MACIAS ','0980770547','joseluisalcivar_1971@hotmail.com',2,1),(3,'0908903230','JORGE ENRIQUE','ALVARADO CHANG ','0988180185','jeach2000@hotmail.com',4,1),(4,'0922091269','SORAYA FRANCISCA','ALVARADO FIALLO ','0997291684','lupy_22_sory@hotmail.com',5,1),(5,'0928672674','JENNIFER LILIBETH','ALVARADO QUINTO ','0969455372','jenniferalvaradoquinto@gmail.com',6,1),(6,'1717891251','DARWIN VICENTE','APOLO ROBLES ','0981159159','dar_apolo@hotmail.com',7,1),(7,'0914115811','JOSE VICENTE','ARIAS LOPEZ','0991547393','jarias_15_2005@yahoo.com',2,1),(8,'0917069775','ROMINA LIZETH','AROCA FAJARDO ','0982201296','ral86@hotmail.es',8,1),(9,'0929286987','RAQUEL ARACELY','ASUNCIÓN PARRALES ','0929286987','r20asuncion@gmail.com',5,1),(10,'1717147498','MARÍA CLEMENCIA','BALSECA CÓRDOVA ','0991148714','mbalseca_9@hotmail.com',9,1),(11,'0922516927','CARLOS ARMANDO','BARZOLA IZA','0991188455','cbarzola@espol.edu.ec',10,1),(12,'0925177503','MILDRED KENIA','BARRIENTOS ALVARADO ','0989067676','mildredbarrientos@outlook.es',11,1),(13,'0920571585','MABEL ELIZABETH','BARRIGA PIZARRO','0996747037','mabel-barriga@hotmail.com',12,1),(14,'0924563174','KAROL GABRIEL','BAYONA MONCAYO ','0993269683','karolgabrielbayonamoncayo@gmail.com',13,1),(15,'0922500996','JAZMIN ESTELA ','BENITEZ MERO','0996658261','jazminbenites9@gmail.com',14,1),(16,'0928674423','KEYLA XIMENA','BODERO JIMENEZ ','0967994952','keylaboderoj@gmail.com',15,1),(17,'0918701459','ANA PATRICIA','CABRERA SANMARTIN ','0998097793','pcabrera8029@gmail.com',16,1),(18,'1203130594','KATY PATRICIA','CABRERA FLORES ','0099733401','ktypa@hotmail.es',17,1),(19,'1206234799','CHRIS EMERSON','CASAL RODRIGUEZ ','0986761992','chriscasal90@hotmail.com',18,1),(20,'0924415664','WENDY AZUCENA','CASTRO VAQUE','0963026820','wendy_1485@hotmail.com',8,1),(21,'1309569661','DANNY SANTIAGO','CORDOBA GARCIA ','0996595039','danny0510cordova@hotmail.es',20,1),(22,'0912671690','MARLENE JACQUELINE','CORTEZ VARGAS ','0980534751','marlene_jaqueline@hotmail.com',21,1),(23,'0925163313','PAMELA DEL ROCIO ','COELLO ORDOÑEZ ','0985027248','pamely1486@hotmail.com',22,1),(24,'0603576752','GEOVANNY DANIEL','CHERREZ ESCOBAR','0992997875','gdanielc92@gmail.com',23,1),(25,'0923207229','JOSELYNE JAMILETH','CHIRIGUAYA LEON','0939181903','jamilethchl@gmail.com',24,1),(26,'0604366591','JHONNY IVAN ','CRUZ MOTA ','0987580995','jhonnyivan05@hotmail.com',25,1),(27,'0922879721','FERNANDO GADIEL','DOMINGUEZ RAMOS ','0903899571','chiferdo@gmail.com',26,1),(28,'0920164308','PEDRO LUIS ','DUARTE MORANTE','0996153789','pedrito_stg@hotmail.com',27,1),(29,'0915989396','PETTER DARWIN','ECHEVERRIA MAGGI','0939991916','darwin75-17@hotmail.com',27,1),(30,'0922491329','EVELYN CAROLINA','EGUEZ CAVIEDES ','0996235076','evelyn.eguez@hotmail.com',28,1),(31,'0923046346','JORGUE TARQUINO','ERAZO RIVERA','0958855911','jorge.erazo@casagrande.edu.ec',8,1),(32,'0913745840','JOSE LUIS','ESCANDON MOLINA ','0985929852','jlescandonmolina@gmail.com',29,1),(33,'0927134189','CATHERINE MAGDALENA','FAJARDO CAMPAÑA ','0983379455','cathy_fajardoc@hotmail.com',51,1),(34,'0911054278','GERMAN EDWIN','FRIAS CAMPOS ','0982623674','edwinfriasc@hotmail.com',30,1),(35,'0927188920','GEOVANNY BYRON ','GARCÍA SALGUERO ','0969587075','ingbyron6@gmail.com',18,1),(36,'0921962759','JESSENIA VANESSA','GONZÁLEZ LEÓN ','0996724103','jessy221525@gmail.com',5,1),(37,'0926400615','ERNESTO SEGUNDO','GUAMAN UZHCA','0968255756','eguamanunemi86@gmail.com',26,1),(38,'0924671704','ANTONY ALEXANDERS','HERNANDEZ LEÓN ','0982051482','antony.hernandez@outlook.com',26,1),(39,'0921773610','CHRISTIAN RICHARD','HERRERA BOBADILLA ','0999742215','christian_2331140@hotmail.com',12,1),(40,'0923364434','RUDDY LENIN','HOLGUIN MERO ','0969600344','leninholguin17@gmail.com',31,1),(41,'0920030962',' ANGEL RAUL','HUAYAMAVE ROSADO','0993823366','angelhuayamave10@hotmail.com',32,1),(42,'1719777730',' BETTY LORENA','JARAMILLO GAONA','0980359425','lori_jaramillo@hotmail.es',33,1),(43,'0927979732','BRIANNIE HERLINDA','JIMENEZ VIZUETA ','0996884278','brianniejimenez962@hotmail.com',6,1),(44,'0922255195','RAYMOND DAVID','LABANDA GUEVARA ','0981791187','raylabanda1@gmail.com',51,1),(45,'0918359001','RENATO JAVIER','MANZANO ARAUJO ','0984984009','renman.net@gmail.com',34,1),(46,'0925340267',' MARCEL OSWALDO','MÉNDEZ MANTUANO','0991979474','marcelxc6768@hotmail.com',32,1),(47,'1202861900','ZOILA MIRELLA','MARISCAL ROSADO ','0986040843','zoimaro_3@hotmail.com',22,1),(48,'0923577597','CARLOS AUGUSTO','MARIN GRANDA ','0997133292','carlstop123@hotmail.com',35,1),(49,'0202029112','LUIS PATRICIO','MAZON CARVAJAL ','0991034735','ptoomazon@hotmail.com',25,1),(50,'0942127374','JONATHAN EDUARDO','MERINO GAVILANEZ ','0960779715','jonathanmerino94@gmail.com',26,1),(51,'0922493341',' ALBERTO ALAIN','MONCAYO PACHECO','0993717418','aamoncayop86@gmail.com',36,1),(52,'1207621630','ANGIE BRIGGETT','MONAR COLINA ','0961501476','angie_brigg@hotmail.com',6,1),(53,'1205668989','JESSICA LEONELA','MORA ROMERO ','0968107982','jessicamoraromero@hotmail.com',54,1),(54,'1720627007','DAYANA SHULIET','MORALES PASTAZA ','0983306819','d.morales2991@gmail.com',38,1),(55,'0912930260','ANDRÉS FERNANDO','MOSQUERA ROMERO ','0993827193','amosquer1986@hotmail.com',38,1),(56,'0919678706','MAURICIO MARCEL','MUÑOZ MEJIA ','0983707036','mamamume8@gmail.com',8,1),(57,'0915232516','CARLOS RAUL','MUÑOZ BRAVO ','0990160511','craul77@gmail.com',5,1),(58,'0922280003','JORGE ENRIQUE','NAVARRETE MACÍAS ','0989898678','jnavarrete1987@gmail.com',13,1),(59,'0922899448','JOSÉ LUIS','NAULA ZUMBA ','0991070158','jluisnau@hotmail.com',39,1),(60,'0920163334',' MARIUXI YOMAIRA','OLVERA MORÁN','0980774860','mariuxi_olvera@hotmail.com',40,1),(61,'1103815831','ÁNGEL MARCELO','ORDÓÑEZ CRESPO ','0984007945','anmarc8@hotmail.com',41,1),(62,'0915459010','GLADYS  GIOMAR  ','ORTIZ  MENÉNDEZ  ','0979548004','geomarortiz13@hotmail.com',42,1),(63,'0940246069','GLADYS JOHANNA','QUIJIJE ROMAN ','0988647970','johannajqr@gmail.com',13,1),(64,'0920191178','JULIO CESAR','PALMA VIDAL ','0979053520','jpalmav@gmail.com',43,1),(65,'0920521465','JORGE CHRISTIAN','PLAZA QUIZHPI ','0996622089','christiannan23@hotmail.com',40,1),(66,'1204681371',' EVELIN EDDA','PINARGOTE JUNCO','0982853843','evelinpjunco81@gmail.com',36,1),(67,'0919094052','ROSA LILIA','PLÚA MERCHÁN ','0994038282','lfrosapluam@gmail.com',32,1),(68,'0926593765',' DANIEL RAFAEL','POZO MIELES','0991504066','dani221011@hotmail.com',8,1),(69,'0918737438','HECTOR ALEJANDRO','PINOS ORTEGA ','0984946955','hectorproduccion284@gmail.com',45,1),(70,'0928986389','EVELYN JESENIA','RÍOS CHICHANDE ','0991604687','Everiosc@gmail.com',46,1),(71,'0919936708','JOSÉ EDUARDO','ROMERO  MACÍAS  ','0994614264','jrm_1109@hotmail.com',47,1),(72,'1206442616',' DARIO XAVIER','ROMERO SANTISTEVAN','0992348022','dxromero@hotmail.com',23,1),(73,'1206452185',' LIGNER CESIBEL','ROSEL LUCIO','0996462326','ligner_20@hotmail.com',48,1),(74,'0917525404','GIOVANNY FRANCISCO','RUÍZ CARCELÉN ','0983487186','abogado.giovannyruiz@hotmail.com',47,1),(75,'0918100660','HENRY ASTOLFO','RUIZ CORREA ','0980935493','joker_sad@hotmail.com',32,1),(76,'0929059087','JENNY LISETTE','RUGEL VILLAMAR ','0979958015','liss_rugel@hotmail.com',49,1),(77,'0924818669','LISSETTE GABRIELA','SALAZAR RONQUILLO ','0991251126','lissalaz@yahoo.com',50,1),(78,'0913029443',' MILDRED ROSALÍA','SÁNCHEZ BALDEÓN','0980119540','msanchez_baldeon@hotmail.com',5,1),(79,'0916308406',' JAVIER OCTAVIO','SÁNCHEZ CEGARRA','0986065741','jsanchezcegarra@gmail.com',26,1),(80,'0920371887','MARCO JULIO','TAMAYO MIRANDA ','0991255535','marcosofttamayo@gmail.com',26,1),(81,'0922443684',' JOHN ENMANUEL','TOBAR LITARDO','0968929305','jetobar1@hotmail.com',51,1),(82,'0916590607','FAUSTO XAVIER','TORRES GALLEGOS ','0998085522','faustrend@hotmail.com',52,1),(83,'0929484129','HILARRY MARISSA','TORRES RUIZ ','0979796505','hillary_2515@hotmail.com',53,1),(84,'1307823029','RONALD DARWIN','VELEZ ZAMBRANO ','0985698229','rdvz.83@gmail.com',23,1),(85,'0918440835',' MARIUXI PIEDAD','VINCES PIVAQUE','0990935201','mariuxivinces@hotmail.com',13,1),(86,'0914560842','ROLANDO GASTÓN','VITERI GÓMEZ ','0995609622','rolyviteri@yahoo.com',20,1),(87,'0912888088','MONICA ARACELY ','YEPEZ MORA ','0998077772','ingmonicayepez@hotmail.com',5,1),(88,'0943027672','IDA IVETTE','CAMPI MAYORGA','0994776714','idacampimayorga@hotmail.com',1,1),(89,'0908783624','MARLENE NARCISA','SOLÍS SIERRA ','0985225151','mnssmarlene@hotmail.com',1,1),(91,'0929202323','FIORELLA JAZMIN','ANCHUNDIA MORAN ','0989295303','fiorella00anchundia@gmail.com',1,1);
/*!40000 ALTER TABLE `inv_autor` ENABLE KEYS */;
UNLOCK TABLES;

--
-- Table structure for table `inv_indexacion`
--

DROP TABLE IF EXISTS `inv_indexacion`;
/*!40101 SET @saved_cs_client     = @@character_set_client */;
/*!40101 SET character_set_client = utf8 */;
CREATE TABLE `inv_indexacion` (
  `id_indexacion` int(10) NOT NULL AUTO_INCREMENT,
  `descripcion` varchar(100) DEFAULT NULL,
  `estado` int(1) DEFAULT '1',
  PRIMARY KEY (`id_indexacion`),
  UNIQUE KEY `descripcion` (`descripcion`)
) ENGINE=InnoDB AUTO_INCREMENT=5 DEFAULT CHARSET=utf8;
/*!40101 SET character_set_client = @saved_cs_client */;

--
-- Dumping data for table `inv_indexacion`
--

LOCK TABLES `inv_indexacion` WRITE;
/*!40000 ALTER TABLE `inv_indexacion` DISABLE KEYS */;
INSERT INTO `inv_indexacion` VALUES (1,'NO REGISTRA ',1),(2,'EBSCO',1),(3,'SCIELO',1),(4,'LATINDEX',1);
/*!40000 ALTER TABLE `inv_indexacion` ENABLE KEYS */;
UNLOCK TABLES;

--
-- Table structure for table `inv_linea`
--

DROP TABLE IF EXISTS `inv_linea`;
/*!40101 SET @saved_cs_client     = @@character_set_client */;
/*!40101 SET character_set_client = utf8 */;
CREATE TABLE `inv_linea` (
  `id_linea` int(10) NOT NULL AUTO_INCREMENT,
  `descripcion` varchar(200) DEFAULT NULL,
  `id_area` int(10) DEFAULT NULL,
  `estado` int(1) DEFAULT '1',
  PRIMARY KEY (`id_linea`),
  UNIQUE KEY `descripcion` (`descripcion`),
  KEY `FK_inv_linea_inv_area` (`id_area`),
  CONSTRAINT `FK_inv_linea_inv_area` FOREIGN KEY (`id_area`) REFERENCES `inv_area` (`id_area`)
) ENGINE=InnoDB AUTO_INCREMENT=12 DEFAULT CHARSET=utf8;
/*!40101 SET character_set_client = @saved_cs_client */;

--
-- Dumping data for table `inv_linea`
--

LOCK TABLES `inv_linea` WRITE;
/*!40000 ALTER TABLE `inv_linea` DISABLE KEYS */;
INSERT INTO `inv_linea` VALUES (1,'Experiencias educativas, desarrollo de nuevas metodologías de enseñanza y aplicación de herramientas tecnológicas en el aula ',12,1),(2,'Control, producción y automatización de procesos',2,1),(3,'Seguridad Integral, Técnicas de Seguridad y Prevención de Riesgos',3,1),(4,'Metodologías y modelos avanzados para enfrentar los problemas de predicción de demanda por servicios de transporte',4,1),(5,'Conservación ambiental, ecosistemas, biodiversidad y conservación de especies',5,1),(6,'Innovación de las tecnologías de información, comunicación con implementación de software',6,1),(7,'Mantenimiento correctivo y preventivo de equipos de computo',7,1),(8,'Economía sustentable en empresas públicas y privadas',8,1),(9,'Mejora de los organismos institucionales de la matriz productiva nacional con enfoque internacional',9,1),(10,'Implementación de mejoras transdisciplinaria e interdisciplinaria vinculadas con la comunidad y el estado',10,1),(11,'Garantizar los derechos de los ciudadanos que se encuentran recluido',11,1);
/*!40000 ALTER TABLE `inv_linea` ENABLE KEYS */;
UNLOCK TABLES;

--
-- Table structure for table `inv_produccion`
--

DROP TABLE IF EXISTS `inv_produccion`;
/*!40101 SET @saved_cs_client     = @@character_set_client */;
/*!40101 SET character_set_client = utf8 */;
CREATE TABLE `inv_produccion` (
  `id_produccion` int(10) NOT NULL AUTO_INCREMENT,
  `codigo` varchar(100) NOT NULL,
  `titulo` varchar(300) DEFAULT NULL,
  `id_autor1` int(10) DEFAULT NULL,
  `id_autor2` int(10) DEFAULT NULL,
  `id_autor3` int(10) DEFAULT NULL,
  `id_autor4` int(10) DEFAULT NULL,
  `id_autor5` int(10) DEFAULT NULL,
  `issn` varchar(100) DEFAULT NULL,
  `fecha_publicacion` date DEFAULT NULL,
  `id_revista` int(10) DEFAULT NULL,
  `id_tipo_produccion` int(10) DEFAULT NULL,
  `url` varchar(1000) DEFAULT NULL,
  `digital` int(1) DEFAULT NULL,
  `fisico` int(1) DEFAULT NULL,
  `id_area` int(10) DEFAULT NULL,
  `id_sublinea` int(10) DEFAULT NULL,
  `observacion` varchar(200) DEFAULT NULL,
  `estado` int(1) DEFAULT '1',
  PRIMARY KEY (`id_produccion`),
  UNIQUE KEY `codigo` (`codigo`),
  KEY `FK_inv_produccion_inv_revista` (`id_revista`),
  KEY `FK_inv_produccion_inv_tipo_produccion` (`id_tipo_produccion`),
  KEY `FK_inv_produccion_inv_area` (`id_area`),
  KEY `FK_inv_produccion_inv_sublinea` (`id_sublinea`),
  KEY `FK_inv_produccion_inv_autor` (`id_autor1`),
  KEY `FK_inv_produccion_inv_autor_2` (`id_autor2`),
  KEY `FK_inv_produccion_inv_autor_3` (`id_autor3`),
  KEY `FK_inv_produccion_inv_autor_4` (`id_autor4`),
  KEY `FK_inv_produccion_inv_autor_5` (`id_autor5`),
  CONSTRAINT `FK_inv_produccion_inv_area` FOREIGN KEY (`id_area`) REFERENCES `inv_area` (`id_area`),
  CONSTRAINT `FK_inv_produccion_inv_autor` FOREIGN KEY (`id_autor1`) REFERENCES `inv_autor` (`id_autor`),
  CONSTRAINT `FK_inv_produccion_inv_autor_2` FOREIGN KEY (`id_autor2`) REFERENCES `inv_autor` (`id_autor`),
  CONSTRAINT `FK_inv_produccion_inv_autor_3` FOREIGN KEY (`id_autor3`) REFERENCES `inv_autor` (`id_autor`),
  CONSTRAINT `FK_inv_produccion_inv_autor_4` FOREIGN KEY (`id_autor4`) REFERENCES `inv_autor` (`id_autor`),
  CONSTRAINT `FK_inv_produccion_inv_autor_5` FOREIGN KEY (`id_autor5`) REFERENCES `inv_autor` (`id_autor`),
  CONSTRAINT `FK_inv_produccion_inv_revista` FOREIGN KEY (`id_revista`) REFERENCES `inv_revista` (`id_revista`),
  CONSTRAINT `FK_inv_produccion_inv_sublinea` FOREIGN KEY (`id_sublinea`) REFERENCES `inv_sublinea` (`id_sublinea`),
  CONSTRAINT `FK_inv_produccion_inv_tipo_produccion` FOREIGN KEY (`id_tipo_produccion`) REFERENCES `inv_tipo_produccion` (`id_tipo_produccion`)
) ENGINE=InnoDB AUTO_INCREMENT=121 DEFAULT CHARSET=utf8;
/*!40101 SET character_set_client = @saved_cs_client */;

--
-- Dumping data for table `inv_produccion`
--

LOCK TABLES `inv_produccion` WRITE;
/*!40000 ALTER TABLE `inv_produccion` DISABLE KEYS */;
INSERT INTO `inv_produccion` VALUES (1,'1P','LA CAPACIDAD DE ABSORCIÓN DE CONOCIMIENTO EN LAS PYMES: SECTOR CAMARONERO',81,35,30,44,1,'ISSN:2550-679X','2017-10-18',1,1,'HTTP://REPOSITORIO.PUCESA.EDU.EC/HANDLE/123456789/2187',1,1,9,85,'DIGITAL EN DRIVE DEL DPTO.',1),(2,'2P','MODELO DE PLANEACIÓN DEL CRECIMIENTO URBANO. CASO ESTUDIO: LA PUNTILLA Y LA AURORA',61,1,17,1,1,'ISSN:2550-679X','2017-10-18',1,1,'HTTP://REPOSITORIO.PUCESA.EDU.EC/HANDLE/123456789/2217',1,1,9,85,'DIGITAL EN DRIVE DEL DPTO.',1),(3,'3P','NEUROMARKETING EN LA GESTIÓN DE VENTAS',42,1,1,1,1,'ISSN:2550-679X','2017-10-18',1,1,'HTTP://REPOSITORIO.PUCESA.EDU.EC/HANDLE/123456789/2218',1,1,9,82,'DIGITAL EN DRIVE DEL DPTO.',1),(4,'4P','TECNOLOGÍA PARA EL MEJORAMIENTO DE LA PESCA ARTESANAL',59,1,1,1,1,'ISSN:2550-679X','2017-10-18',1,1,'HTTP://REPOSITORIO.PUCESA.EDU.EC/HANDLE/123456789/2225',1,1,9,82,'DIGITAL EN DRIVE DEL DPTO.',1),(5,'5P','ANÁLISIS COMPARATIVO DE LA TRANSFERENCIA MODIFICADA DEL SISTEMA DUAL ALEMÁN EN ECUADOR',39,1,70,1,1,'ISSN:2550-679X','2017-10-18',1,1,'HTTP://REPOSITORIO.PUCESA.EDU.EC/HANDLE/123456789/2299',1,1,12,3,'DIGITAL EN DRIVE DEL DPTO.',1),(6,'6P','MODELO DE FORMACIÓN DUAL EN EL INSTITUTO TECNOLÓGICO SUPERIOR “JUAN BAUTISTA AGUIRRE”',46,41,88,1,1,'ISSN:2550-679X','2017-10-18',1,1,'HTTP://REPOSITORIO.PUCESA.EDU.EC/HANDLE/123456789/2309',1,1,12,10,'DIGITAL EN DRIVE DEL DPTO.',1),(7,'7P','MODELO DE GESTIÓN ACADÉMICA EN EL AULA INSTITUTOS TÉCNICOS - TECNOLÓGICOS SUPERIOR EN ECUADOR',60,65,81,1,1,'ISSN:2550-679X','2017-10-18',1,1,'HTTP://REPOSITORIO.PUCESA.EDU.EC/HANDLE/123456789/2310',1,1,12,6,'DIGITAL EN DRIVE DEL DPTO.',1),(8,'8P','MODELO DE FORMACIÓN DUAL FOCALIZADO APLICADO A LA SEGURIDAD CIUDADANA Y ORDEN PÚBLICO',19,1,86,1,85,'ISSN:2550-679X','2017-10-18',1,1,'HTTP://REPOSITORIO.PUCESA.EDU.EC/HANDLE/123456789/2311',1,1,12,14,'DIGITAL EN DRIVE DEL DPTO.',1),(9,'9P','TWITTER EN LA ENSEÑANZA DEL IDIOMA INGLES',31,1,1,1,1,'ISSN:2550-679X','2017-10-18',1,1,'HTTP://REPOSITORIO.PUCESA.EDU.EC/HANDLE/123456789/2320',1,1,12,8,'DIGITAL EN DRIVE DEL DPTO.',1),(10,'10P','EDUCACIÓN INCLUSIVA A NIVEL SUPERIOR',78,1,1,1,1,'ISBN:978-9942-17-027-9','2017-04-20',1,1,'HTTPS://WWW.PEDAGOGIA.EDU.EC/DOCUMENTO/VISTA/173',1,1,12,15,'DIGITAL EN DRIVE DEL DPTO.',1),(11,'11P','BRING YOU OWN DEVICE - BYOD COMO TECNOLOGÍA EDUCATIVA ASISTIDA PARA LA MOTIVACIÓN Y EL  DESARROLLO COGNITIVO DE LOS ESTUDIANTES COMO PARTE DE LA INCLUSIÓN EDUCATIVA. ',31,1,1,1,1,'ISBN:978-9942-17-027-9','2017-04-20',1,1,'HTTPS://WWW.PEDAGOGIA.EDU.EC/DOCUMENTO/VISTA/114',1,1,12,13,'DIGITAL EN DRIVE DEL DPTO.',1),(12,'12P','EFEITO DE CINCO DOSES DE QUITOSANA PARA O ESTABELECIMIENTO IN VITRO DO BANANA DA TERRA DOMINICO HARTÓN (MUSA AAB SIMMONDS) NA ZONA DE DAULE',46,1,1,1,1,'ISSN: 2359-148X','2017-09-13',1,1,'HTTPS://WWW.UNIVALE.BR/EVENTOS/ANAIS/',1,0,12,1,'FALTA CARTA DE ACEPTACION ',1),(13,'13P','ROLES DEL DOCENTE EN LA FORMACIÓN DUAL EN EL ECUADOR',46,1,41,1,1,'ISBN 978-9942-17-033-0','2018-04-19',1,1,'HTTPS://WWW.PEDAGOGIA.EDU.EC/DOCUMENTO/INDEX/144',1,0,12,2,'EL ARTICULO Y CARTA DE ACEPTACIÓN ESTAN EN EL DRIVE DEL DPTO',1),(14,'14P','APRENDIZAJE BASADO EN PROYECTOS EN LOS ESTUDIANTES DE LOS INSTITUTOS TÉCNICOS Y TECNOLÓGICOS DEL CANTÓN DAULE',31,1,60,1,1,'SIN ISSN/ISBN','2018-06-05',1,1,'SIN ALOJAMIENTO',1,1,12,13,'EL ARTICULO Y CARTA DE ACEPTACIÓN ESTAN EN EL DRIVE DEL DPTO',1),(15,'15P','FORMACIÓN TÉCNICA Y TECNOLÓGICA COMO EJE FUNDAMENTAL EN EL DESARROLLO DEL PAÍS',5,1,28,1,36,'SIN ISSN/ISBN','2018-06-05',1,1,'SIN ALOJAMIENTO',1,0,12,1,'EL ARTICULO Y CARTA DE ACEPTACIÓN ESTAN EN EL DRIVE DEL DPTO',1),(16,'16P','LA EDUCACIÓN SUPERIOR COMO GESTORA DE EMPRENDIMIENTOS PARA LA CIUDADANÍA',31,1,19,1,1,'SIN ISSN/ISBN','2018-06-05',1,1,'SIN ALOJAMIENTO',1,0,12,3,'EL ARTICULO Y CARTA DE ACEPTACIÓN ESTAN EN EL DRIVE DEL DPTO',1),(17,'17P','HACIA LA EVOLUCIÓN DE LA EDUCACIÓN Y LAS INSTITUCIONES DE EDUCACIÓN  SUPERIOR EN ECUADOR (SMART UNIVERSITY)',80,1,38,1,1,'SIN ISSN/ISBN','2018-06-05',1,1,'SIN ALOJAMIENTO',1,1,12,3,'EL ARTICULO Y CARTA DE ACEPTACIÓN ESTAN EN EL DRIVE DEL DPTO',1),(18,'18P','LA FORMACIÓN DUAL Y EL CAMBIO DE LA MATRIZ PRODUCTIVA DEL ECUADOR',46,1,89,1,1,'SIN ISSN/ISBN','2018-06-05',1,1,'SIN ALOJAMIENTO',1,0,12,1,'EL ARTICULO Y CARTA DE ACEPTACIÓN ESTAN EN EL DRIVE DEL DPTO',1),(19,'19P','LA IMPORTANCIA DE LA FORMACIÓN TÉCNICA DUAL FOCALIZADA EN LA EDUCACIÓN SUPERIOR PARA DESARROLLO DEL PAÍS. CASO DE ESTUDIO: CARRERA TÉCNICO EN SEGURIDAD PENITENCIARIA DEL INSTITUTO TECNOLÓGICO SUPERIOR “JUAN BAUTISTA AGUIRRE” DAULE – ECUADOR.',78,1,60,1,77,'SIN ISSN/ISBN','2018-06-05',1,1,'SIN ALOJAMIENTO',1,1,12,3,'EL ARTICULO Y CARTA DE ACEPTACIÓN ESTAN EN EL DRIVE DEL DPTO',1),(20,'20P','PERSPECTIVA DE LA BRECHA DIGITAL EN LA INSTITUCIONES DE EDUCACIÓN SUPERIOR',77,1,78,1,65,'SIN ISSN/ISBN','2018-06-05',1,1,'SIN ALOJAMIENTO',1,1,12,8,'EL ARTICULO Y CARTA DE ACEPTACIÓN ESTAN EN EL DRIVE DEL DPTO',1),(21,'21P','PERSPECTIVA DE LA DIVERSIDAD CULTURAL EN LAS INSTITUCIONES DE EDUCACIÓN MEDIA E INSTITUTOS TÉCNICOS TECNOLÓGICOS',70,1,19,1,77,'SIN ISSN/ISBN','2018-06-05',1,1,'SIN ALOJAMIENTO',1,1,12,15,'EL ARTICULO Y CARTA DE ACEPTACIÓN ESTAN EN EL DRIVE DEL DPTO',1),(22,'22P','PERSPECTIVAS DEL NUEVO MUNDO EDUCATIVO DE LA EDUCACIÓN TÉCNICA Y TECNOLÓGICA EN ECUADOR',88,1,81,1,44,'SIN ISSN/ISBN','2018-06-05',23,1,'SIN ALOJAMIENTO',1,1,12,1,'EL ARTICULO Y CARTA DE ACEPTACIÓN ESTAN EN EL DRIVE DEL DPTO',1),(23,'23P','CULTURA DE EMPRENDIMIENTO EDUCATIVO COMO FACTOR RELEVANTE PARA LA TRANSFERENCIA DEL CONOCIMIENTO A LA COMUNIDAD, CASO DE ESTUDIO: INSTITUTO JUAN BAUTISTA AGUIRRE',42,1,35,1,29,'SIN ISSN/ISBN','2018-06-05',23,1,'SIN ALOJAMIENTO',0,0,12,1,'FALTA ARTICULO',1),(24,'24P','EL ALMA DE LA REFORMA DE CÓRDOVA DE 1918 EN LA LEGISLACIÓN DE LA EDUCACIÓN SUPERIOR DEL ECUADOR',30,1,46,1,67,'SIN ISSN/ISBN','2018-06-05',23,1,'SIN ALOJAMIENTO',1,0,12,12,'DIGITAL EN DRIVE DEL DPTO.',1),(25,'25P','DESARROLLO E IMPLEMENTACIÓN DE UN SISTEMA WEB PARA GESTIÓN ACADÉMICA DEL INSTITUTO TECNOLÓGICO SUPERIOR JUAN BAUTISTA AGUIRRE',27,1,80,1,1,'SIN ISSN/ISBN','2018-06-05',23,1,'SIN ALOJAMIENTO',1,1,6,58,'EL ARTICULO Y CARTA DE ACEPTACIÓN ESTAN EN EL DRIVE DEL DPTO',1),(26,'26P','UNA MIRADA A LAS ESTRATEGIAS DE APRENDIZAJE QUE APLICAN LOS INSTITUTOS TECNOLÓGICOS CASO DE ESTUDIO: “INSTITUTO TECNOLÓGICO SUPERIOR JUAN BAUTISTA AGUIRRE” DAULE – ECUADOR.',60,1,78,1,77,'SIN ISSN/ISBN','2018-06-05',1,1,'SIN ALOJAMIENTO',1,1,12,13,'EL ARTICULO Y CARTA DE ACEPTACIÓN ESTAN EN EL DRIVE DEL DPTO',1),(27,'27P','SISTEMA DE INFORMACIÓN GERENCIAL CON BASE AL CUADRO DE MANDO INTEGRAL EN LOS INSTITUTOS TÉCNICOS Y TECNOLÓGICOS PÚBLICOS',50,60,81,1,89,'SIN ISSN/ISBN','2018-11-30',24,1,'SIN ALOJAMIENTO',1,0,9,82,'EL ARTICULO Y CARTA DE ACEPTACIÓN ESTAN EN EL DRIVE DEL DPTO',1),(28,'28P','EVALUACIÓN DEL PERFIL DE EGRESO EN LA CARRERA DE TECNOLOGÍA EN PROCESAMIENTO DE ALIMENTOS EN MODALIDAD DUAL DEL “ITS JUAN BAUTISTA AGUIRRE”',46,30,16,1,67,'SIN ISSN/ISBN','2018-11-30',24,1,'SIN ALOJAMIENTO',1,0,12,9,'EL ARTICULO Y CARTA DE ACEPTACIÓN ESTAN EN EL DRIVE DEL DPTO',1),(29,'29P','COMERCIO ELECTRÓNICO Y LOS FACTORES QUE INCIDEN EN LA PROBABILIDAD DE COMPRA  ',42,1,13,1,1,'ISSN:2600-5662','2019-04-24',19,1,'SIN ALOJAMIENTO',1,0,9,82,'EL ARTICULO Y CARTA DE ACEPTACIÓN ESTAN EN EL DRIVE DEL DPTO',1),(30,'30P','DESARROLLO DEL EMPRENDEDOR Y SUS DESAFÍOS ECONÓMICOS',13,1,73,1,42,'ISSN:2600-5662','2019-04-24',19,1,'SIN ALOJAMIENTO',1,0,9,84,'EL ARTICULO Y CARTA DE ACEPTACIÓN ESTAN EN EL DRIVE DEL DPTO',1),(31,'31P','INNOVACIÓN Y EMPRENDIMIENTO COMO NUEVO RETO DEL SIGLO XXI EN LA SOCIEDAD',9,1,87,1,34,'ISSN:2600-5662','2019-04-24',19,1,'SIN ALOJAMIENTO',0,0,9,84,'FALTA ARTÍCULO ,SOLO CARTA DE ACEPTACIÓN',1),(32,'32P','LA SOCIOLOGÍA, ALIADA ESTRATÉGICA DE LA SOCIEDAD EN LA ACTUAL CRISIS AMBIENTAL',46,60,16,1,1,'ISSN:2600-5662','2019-05-31',1,4,'HTTP://REVISTACIENTIFICAISTJBA.EDU.EC/INDEX.PHP/COMPONENT/CONTENT/ARTICLE/87-PRIMERA-EDICION/185-LA-SOCIOLOGIA-ALIADA-ESTRATEGICA-DE-LA-SOCIEDAD-EN-LA-ACTUAL-CRISIS-AMBIENTAL?ITEMID=101',1,0,5,102,'NINGUNA',1),(33,'33P','VALORACIÓN ECONÓMICA Y CÁLCULO DE LA HUELLA DE CARBONO DE LA ZONA “LOS LOJAS” EN EL CANTÓN DAULE, ECUADOR',46,30,41,1,1,'ISSN:2600-5662','2019-05-31',1,4,'HTTP://REVISTACIENTIFICAISTJBA.EDU.EC/INDEX.PHP/COMPONENT/CONTENT/ARTICLE/87-PRIMERA-EDICION/190-VOLUMEN-COMPLETO-DE-LA-PRIMERA-EDICION?ITEMID=101',1,0,9,102,'NINGUNA',1),(34,'34P','EL USO DE LAS TECNOLOGÍAS DE INFORMACIÓN Y COMUNICACIÓN TIC EN LAS PEQUEÑAS Y MEDIANAS EMPRESAS (PYMES) DEL SECTOR AGRÍCOLA EN EL CANTÓN DAULE',19,18,1,1,1,'ISSN:2600-5662','2019-05-31',26,4,'HTTP://REVISTACIENTIFICAISTJBA.EDU.EC/INDEX.PHP/COMPONENT/CONTENT/ARTICLE/87-PRIMERA-EDICION/190-VOLUMEN-COMPLETO-DE-LA-PRIMERA-EDICION?ITEMID=101',1,0,9,102,'NINGUNA',1),(35,'35P','EL EMPRENDIMIENTO EMPRESARIAL Y LAS TICS. CASO DE ESTUDIO: VENTA DE PRODUCTOS PASTELEROS Y DE REPOSTERÍA A TRAVÉS DE UNA PÁGINA WEB',19,31,1,1,1,'ISSN:2600-5662','2019-05-31',26,4,'HTTP://REVISTACIENTIFICAISTJBA.EDU.EC/INDEX.PHP/COMPONENT/CONTENT/ARTICLE/87-PRIMERA-EDICION/190-VOLUMEN-COMPLETO-DE-LA-PRIMERA-EDICION?ITEMID=101',1,0,9,102,'NINGUNA',1),(36,'36P','LAS FUNCIONES SUSTANTIVAS EN LA FORMACIÓN TECNOLÓGICA: ANÁLISIS EMPÍRICO DE LA EXPERIENCIA DEL INSTITUTO TECNOLÓGICO SUPERIOR ¨JUAN BAUTISTA AGUIRRE',89,88,1,1,1,'ISSN:2600-5662','2019-05-31',26,4,'HTTP://REVISTACIENTIFICAISTJBA.EDU.EC/INDEX.PHP/COMPONENT/CONTENT/ARTICLE/87-PRIMERA-EDICION/190-VOLUMEN-COMPLETO-DE-LA-PRIMERA-EDICION?ITEMID=101',1,0,12,102,'NINGUNA',1),(37,'37P','IMPLEMENTACIÓN DEL SISTEMA DE GESTIÓN ACADÉMICA SGA EN EL INSTITUTO TECNOLÓGICO SUPERIOR JUAN BAUTISTA AGUIRRE',27,60,81,46,1,'ISSN:2600-5662','2019-05-31',26,4,'HTTP://REVISTACIENTIFICAISTJBA.EDU.EC/INDEX.PHP/COMPONENT/CONTENT/ARTICLE/87-PRIMERA-EDICION/190-VOLUMEN-COMPLETO-DE-LA-PRIMERA-EDICION?ITEMID=101',1,0,6,102,'NINGUNA',1),(38,'38P','APLICACIÓN Y USO RESPONSABLE DE LAS TICS EN EL ÁMBITO ACADÉMICO',85,23,1,1,1,'ISSN:2600-5662','2019-05-31',26,4,'HTTP://REVISTACIENTIFICAISTJBA.EDU.EC/INDEX.PHP/COMPONENT/CONTENT/ARTICLE/87-PRIMERA-EDICION/190-VOLUMEN-COMPLETO-DE-LA-PRIMERA-EDICION?ITEMID=101',1,0,12,102,'NINGUNA',1),(39,'39P','LA REVOLUCIÓN INDUSTRIAL 4.0 Y LAS PERSPECTIVAS EN LA EMPLEABILIDAD Y EN EL SISTEMA EDUCATIVO DEL ECUADOR',46,30,85,83,1,'SIN ISSN/ISBN','2019-10-17',1,1,'SIN ALOJAMIENTO',0,0,1,102,'NINGUNA',1),(40,'40P','BIOSÍNTESIS DE NANOPARTÍCULAS DE HIERRO (FE3O4) EN LA REMEDIACIÓN DE AGUAS CONTAMINADAS',16,4,41,6,1,'SIN ISSN/ISBN','2019-10-17',1,1,'SIN ALOJAMIENTO',0,0,1,102,'NINGUNA',1),(41,'41P','PLAN DE MEJORA EN EL PROCESO DE CONTROL DE DETECCIÓN DE METALES EN EMPRESAS ALIMENTICIAS',55,32,1,1,1,'SIN ISSN/ISBN','2019-10-17',1,1,'SIN ALOJAMIENTO',0,0,1,102,'NINGUNA',1),(42,'42P','LA IMPORTANCIA DE LA CONTABILIDAD DE COSTOS EN EL CONTROL ADMINISTRATIVO DE LOS EMPRENDEDORES',13,9,79,10,1,'SIN ISSN/ISBN','2019-10-17',1,1,'SIN ALOJAMIENTO',0,0,1,102,'NINGUNA',1),(43,'43P','LA LEGISLACIÓN LABORAL Y SU INCIDENCIA EN LA ESTABILIDAD LABORAL DE LOS AGRICULTORES DEL SECTOR ARROCERO EN EL CANTÓN DAULE',77,1,1,1,1,'SIN ISSN/ISBN','2019-10-17',1,1,'SIN ALOJAMIENTO',0,0,1,102,'NINGUNA',1),(44,'44P','REESTRUCTURACIÓN DE LOS PARÁMETROS DE ACEPTABILIDAD EN FRESCO E IQF DEL PRODUCTO “YUCA TROZO” EN LA EMPRESA DE ALIMENTOS',54,82,1,1,1,'SIN ISSN/ISBN','2019-10-17',1,1,'SIN ALOJAMIENTO',0,0,1,102,'NINGUNA',1),(45,'45P','VINCULACIÓN CON LA SOCIEDAD COMO DIMENSIÓN SOCIAL EN LA EDUCACIÓN SUPERIOR: CASO DE ESTUDIO TECNICATURA EN SEGURIDAD PENITENCIARIA',78,74,22,86,1,'SIN ISSN/ISBN','2019-10-17',1,1,'SIN ALOJAMIENTO',0,0,1,102,'NINGUNA',1),(46,'46P','ESTUDIO TÉCNICO PARA LA IMPLEMENTACIÓN DE UN SISTEMA TARIFARIO ROTATIVO DE PARQUEO EN LA CABECERA CANTONAL DE DAULE',30,1,1,1,1,'SIN ISSN/ISBN','2019-10-17',1,1,'SIN ALOJAMIENTO',0,0,1,102,'NINGUNA',1),(47,'47P','LA INFLUENCIA DE LOS ERP´S DENTRO DE UNA PLANIFICACIÓN DE RECURSOS EMPRESARIALES: UN ENFOQUE QUE PERMITE UNA VENTAJA COMPETITIVA',27,80,11,38,1,'SIN ISSN/ISBN','2019-10-17',1,1,'SIN ALOJAMIENTO',0,0,1,102,'NINGUNA',1),(48,'48P','DESARROLLO DE UN SISTEMA WEB DE MONITOREO EN TIEMPO REAL PARA ATENDER LAS EMERGENCIAS DEL CUERPO DE BOMBEROS',37,66,18,38,1,'SIN ISSN/ISBN','2019-10-17',1,1,'SIN ALOJAMIENTO',0,0,1,102,'NINGUNA',1),(49,'49P','LA INNOVACIÓN Y SU VINCULACIÓN CON LA EDUCACIÓN FINANCIERA FAMILIAR: USO EFICIENTE DEL CRÉDITO DE CONSUMO EN EL CANTÓN DAULE',19,1,1,1,1,'SIN ISSN/ISBN','2019-10-17',1,1,'SIN ALOJAMIENTO',0,0,1,1,'NINGUNA',1),(50,'50P','PROPUESTA DE ENSEÑANZA EN CAPACITACIONES DE SEGURIDAD LABORAL MEDIANTE LA GAMAIFICACIÓN, ARCA ECUADOR',2,7,67,62,1,'SIN ISSN/ISBN','2019-10-17',1,1,'SIN ALOJAMIENTO',0,0,1,102,'NINGUNA',1),(51,'51P','IGLOW COMO HERRAMIENTA TECNOLÓGICA PARA DETERMINAR LA EXISTENCIA DE BULLYING: CASO DE ESTUDIO “ESCUELA EDUCATIVA BÁSICA MANUEL WOLF HERRERA” - YAGUACHI',31,76,50,89,1,'SIN ISSN/ISBN','2019-10-17',28,1,'SIN ALOJAMIENTO',0,0,1,102,'NINGUNA',1),(52,'52P','FACTORES SOCIOLÓGICOS QUE FOMENTAN EL DESARROLLO DEL EMPRENDEDOR: CASO DE ESTUDIO DAULE',28,25,5,1,36,'SIN ISSN/ISBN','2019-10-17',28,1,'SIN ALOJAMIENTO',0,0,1,102,'NINGUNA',1),(53,'53P','PLAN DE MEJORAS PARA EL CONTROL Y DISMINUCIÓN DE LA CONTAMINACIÓN DE LOS PRODUCTOS DISTRIBUIDOS EN EL MERCADO LOCAL DE UNA EMPRESA ALIMENTICIA',46,52,1,1,1,'SIN ISSN/ISBN','2019-01-17',28,1,'SIN ALOJAMIENTO',0,0,1,102,'NINGUNA',1),(54,'54P','VALIDACIÓN DEL MÉTODO ANALÍTICO MEDIANTE EL USO CEPAS ESPECÍFICAS DE ESCHERICHIA COLI Y STAPHYLOCOCCUS AUREUS EN EL LABORATORIO DE MICROBIOLOGÍA DE LA EMPRESA NESTLÉ S.A. GUAYAQUIL',60,65,1,1,1,'SIN ISSN/ISBN','2019-10-17',28,1,'SIN ALOJAMIENTO',0,0,1,102,'NINGUNA',1),(55,'55P','PROPUESTA DE UN MODELO DE PROCESO PARA LA AUTOMATIZACIÓN DE INGRESO DE CONTRAVENCIONES DE TRÁNSITO',45,1,1,1,1,'SIN ISSN/ISBN','2019-10-17',1,1,'SIN ALOJAMIENTO',0,0,1,102,'NINGUNA',1),(56,'56P','ANÁLISIS DE ATAQUES CIBERNÉTICOS HACIA EL ECUADOR',3,1,1,1,1,'SIN ISSN/ISBN','2019-10-17',28,1,'SIN ALOJAMIENTO',0,0,1,102,'NINGUNA',1),(57,'57P','FACTORES QUE INCIDIERON EN LA VARIACIÓN DEL PRECIO DEL ARROZ EN EL CANTÓN DAULE 2015-2018',59,1,23,1,1,'SIN ISSN/ISBN','2019-10-17',28,1,'SIN ALOJAMIENTO',0,0,1,102,'NINGUNA',1),(58,'58P','SISTEMA DE GESTIÓN BIBLIOTECARIO',14,1,1,1,1,'SIN ISSN/ISBN','2019-10-17',28,1,'SIN ALOJAMIENTO',1,1,1,102,'NINGUNA',1),(59,'59P','EDUCACIÓN FINANCIERA Y LA ACTITUD EMPRENDEDORA EN LOS JÓVENES DE LA PROVINCIA DEL GUAYAS',42,91,1,1,1,'SIN ISSN/ISBN','2019-10-17',1,1,'SIN ALOJAMIENTO',0,0,1,102,'NINGUNA',1),(60,'60P','LA INTEGRACIÓN DEL GOBIERNO DE TECNOLOGÍAS DE LA INFORMACIÓN (TI) Y LOS PROCESOS DE GESTIÓN EMPRESARIAL',40,57,39,88,1,'SIN ISSN/ISBN','2019-10-17',28,1,'SIN ALOJAMIENTO',0,0,1,102,'NINGUNA',1),(61,'61P','SISTEMA DE RIEGO AUTOMATIZADO PARA UN CULTIVO DE MELÓN CONTROLADO DESDE CUALQUIER LUGAR DEL MUNDO',17,1,1,1,1,'SIN ISSN/ISBN','2019-10-17',28,1,'SIN ALOJAMIENTO',0,0,1,102,'NINGUNA',1),(62,'62P','INTEGRACIÓN DE LAS TECNOLOGÍAS DE LA INFORMACIÓN PARA LA CALIDAD DE LA EDUCACIÓN SUPERIOR',84,51,72,75,1,'SIN ISSN/ISBN','2019-10-17',28,1,'SIN ALOJAMIENTO',0,0,1,102,'NINGUNA',1),(63,'63P','NOCIONES FUNDAMENTALES DEL ZOO DE PARTÍCULAS ELEMENTALES SEGÚN EL MODELO ESTÁNDAR',30,54,1,1,1,'SIN ISSN/ISBN','2019-10-17',28,1,'SIN ALOJAMIENTO',0,0,1,102,'NINGUNA',1),(64,'64P','IMPORTANCIA DE LOS DOCUMENTOS FUENTES EN LA CONTABILIDAD',33,58,1,1,1,'SIN ISSN/ISBN','2019-10-17',28,1,'SIN ALOJAMIENTO',0,0,1,102,'NINGUNA',1),(65,'65P','LA ÉTICA PROFESIONAL Y LA INCIDENCIA EN LA CULTURA ORGANIZACIONAL DEL CONTADOR PÚBLICO AUTORIZADO',36,1,1,1,1,'SIN ISSN/ISBN','2019-10-17',28,1,'SIN ALOJAMIENTO',0,0,1,102,'NINGUNA',1),(66,'66P','EL DOCENTE UNIVERSITARIO Y SU PAPEL EN LA DIDÁCTICA',87,20,15,8,1,'SIN ISSN/ISBN','2019-10-17',28,1,'SIN ALOJAMIENTO',0,0,1,102,'NINGUNA',1),(67,'67P','IMPACTO SOCIOECONÓMICO DE UNA CAJA DE AHORRO PARA LA INCLUSIÓN FINANCIERA EN EL ÁMBITO RURAL DEL CANTÓN DAULE',70,43,1,1,1,'SIN ISSN/ISBN','2019-10-17',28,1,'SIN ALOJAMIENTO',0,0,1,102,'NINGUNA',1),(68,'68P','LA CONTABILIDAD DE COSTOS Y SU RELACIÓN EN EL ÁMBITO DE APLICACIÓN DE LAS PILADORAS UBICADAS EN EL CANTÓN DAULE',73,1,1,1,1,'SIN ISSN/ISBN','2019-10-17',28,1,'SIN ALOJAMIENTO',0,0,1,102,'NINGUNA',1),(69,'69P','PROPUESTA DE MODELO DE PARADAS INCLUSIVAS PARA PERSONAS CON MOVILIDAD REDUCIDA',49,26,1,1,1,'SIN ISSN/ISBN','2019-10-17',28,1,'SIN ALOJAMIENTO',0,0,1,102,'NINGUNA',1),(70,'70P','DISEÑO DE UN MODELO DE OPTIMIZACIÓN, PARA EL PROBLEMA DE TRANSPORTE DE UNA PILADORA DE ARROZ EN LA CIUDAD DE DAULE',35,1,1,1,1,'SIN ISSN/ISBN','2019-10-17',28,1,'SIN ALOJAMIENTO',0,0,1,102,'NINGUNA',1),(71,'71P','DESCRIPCIÓN DE FACTORES SOCIOECONÓMICOS GENERADOS POR EL CRÉDITO DE DESARROLLO HUMANO EN EL CANTÓN DAULE',81,1,1,1,1,'SIN ISSN/ISBN','2019-10-17',28,1,'SIN ALOJAMIENTO',0,0,1,102,'NINGUNA',1),(72,'72P','ESTUDIO DE FACTIBILIDAD PARA LA CREACIÓN DE LA CARRERA TECNOLOGÍA SUPERIOR EN LOGÍSTICA Y TRANSPORTE, PARA EL INSTITUTO TECNOLÓGICO SUPERIOR JUAN BAUTISTA AGUIRRE DEL CANTÓN DAULE, ZONA 5 - GUAYAS',35,1,1,1,1,'SIN ISSN/ISBN','2019-10-17',28,1,'SIN ALOJAMIENTO',0,0,1,102,'NINGUNA',1),(73,'73P','SISTEMA DE SEGUIMIENTO DE LA GESTIÓN DEL PERSONAL ACADÉMICO DEL INSTITUTO SUPERIOR TECNOLÓGICO JUAN BAUTISTA AGUIRRE',89,27,71,69,1,'SIN ISSN/ISBN','2019-10-17',28,1,'SIN ALOJAMIENTO',0,0,1,102,'NINGUNA',1),(74,'74P','DESCRIPCIÓN DE LA PRODUCCIÓN BANANERA ANTE LA REFORMA DEL IMPUESTO A LA RENTA ÚNICO: CASO PROVINCIA DE LOS RÍOS',29,48,44,12,1,'SIN ISSN/ISBN','2019-10-17',28,1,'SIN ALOJAMIENTO',0,0,1,102,'NINGUNA',1),(75,'1AI','ESCENARIOS PARA LA ATENCION DE LA PRIMERA INFANCIA Y SU ARTICULACION DEL DERECHO PARA EL LOGRO DE UNA EDUCACION DE CALIDAD Y CALIDEZ',89,1,1,1,1,'ISSN 2218-3620','2018-11-25',1,4,'HTTPS://RUS.UCF.EDU.CU/INDEX.PHP/RUS/ARTICLE/VIEW/1004/1070',1,0,12,6,'EL ARTICULO Y CARTA DE ACEPTACIÓN ESTAN EN EL DRIVE DEL DPTO',1),(76,'2AI','DESARROLLO DE UN MODELO DE GESTIÓN DE PROCESOS CON BASE EN EL CUADRO DE MANDO INSTITUCIONAL PARA INSTITUTOS TÉCNICOS  Y TECNOLÓGICOS PÚBLICOS',81,88,89,1,1,'ISSN 2218-3620','2018-04-09',1,4,'HTTPS://RUS.UCF.EDU.CU/INDEX.PHP/RUS/ARTICLE/VIEW/955',1,0,9,82,'EL ARTICULO Y CARTA DE ACEPTACIÓN ESTAN EN EL DRIVE DEL DPTO',1),(77,'3AI','LA EDUCACION SUPERIOR TECNOLOGICA Y LA EMPLEABILIDAD',89,28,1,1,1,'ISSN 2218 - 3620','2018-04-03',1,4,'HTTPS://RUS.UCF.EDU.CU/INDEX.PHP/RUS/ARTICLE/VIEW/878',1,0,12,1,'EL ARTICULO Y CARTA DE ACEPTACIÓN ESTAN EN EL DRIVE DEL DPTO',1),(78,'4AI','DESARROLLO DE UN MODELO DE GESTIÓN ADMINISTRATIVO PARA EL SISTEMA DE VINCULACIÓN CON LA COMUNIDAD, DEL INSTITUTO TECNOLÓGICO SUPERIOR JUAN BAUTISTA AGUIRRE DEL CANTÓN DAULE, ZONA 5 – GUAYAS.',89,81,88,1,1,'ISSN 2218 - 3620','2018-04-06',1,4,'HTTPS://RUS.UCF.EDU.CU/INDEX.PHP/RUS/ARTICLE/VIEW/948',1,1,12,82,'EL ARTICULO Y CARTA DE ACEPTACIÓN ESTAN EN EL DRIVE DEL DPTO',1),(79,'5AI','LA REALIDAD AUMENTADA COMO APORTE EN LA ENSEÑANZA TÉCNICA DE ENSAMBLAJE DE EQUIPOS DE CÓMPUTO.',65,81,60,1,1,'ISSN: 1988-7833','2017-12-21',2,4,'HTTP://WWW.EUMED.NET/REV/CCCSS/',1,1,6,56,'EL ARTICULO Y CARTA DE ACEPTACIÓN ESTAN EN EL DRIVE DEL DPTO',1),(80,'6AI','\"EVALUACIÓN COBIT PARA EL ANÁLISIS DE RIESGOS EN EL DEPARTAMENTO DE TECNOLOGÍAS DE LA INFORMACIÓN Y COMUNICACIÓN DEL INSTITUTO TECNOLÓGICO SUPERIOR JUAN BAUTISTA AGUIRRE\"',81,1,1,1,1,'ISSN: 1988-7833','2018-01-22',2,4,'HTTP://WWW.EUMED.NET/REV/CCCSS/',1,1,6,57,'EL ARTICULO Y CARTA DE ACEPTACIÓN ESTAN EN EL DRIVE DEL DPTO',1),(81,'7AI','\"INFLUENCIA DE LAS TECNOLOGÍAS DE LA INFORMACIÓN Y COMUNICACIÓN EN EL MODELO DE GESTIÓN DE PROCESOS DEL INSTITUTO TECNOLÓGICO SUPERIOR JUAN BAUTISTA AGUIRRE\"',81,1,1,1,1,'ISSN: 1988-7833','2018-01-22',2,4,'HTTP://WWW.EUMED.NET/REV/CCCSS/',1,1,6,56,'EL ARTICULO Y CARTA DE ACEPTACIÓN ESTAN EN EL DRIVE DEL DPTO',1),(82,'8AI','MODELO DE REGRESIÓN LINEAL MÚLTIPLE EN PRESENCIA DE VARIABLES CUANTITATIVAS Y CUALITATIVAS PARA PREDECIR EL DESEMPEÑO DEL DOCENTE DEL ITS “JUAN BAUTISTA AGUIRRE”',16,81,1,1,1,'ISSN: 1988-7833','2018-01-15',3,4,'HTTP://WWW.EUMED.NET/REV/CCCSS/',1,1,9,83,'EL ARTICULO Y CARTA DE ACEPTACIÓN ESTAN EN EL DRIVE DEL DPTO',1),(83,'9AI','SEGURIDAD DE LA INFORMACIÓN Y MATRIZ DE RIESGO ENFOCADO EN EL PLAN ESTRATÉGICO: CASO LABORATORIOS LUQUE S.A.',81,1,1,1,1,'ISSN: 1988-7833','2018-01-22',1,4,'HTTP://WWW.EUMED.NET/REV/CCCSS/',1,1,6,57,'EL ARTICULO Y CARTA DE ACEPTACIÓN ESTAN EN EL DRIVE DEL DPTO',1),(84,'10I','APLICACIÓN DEL NEUROMARKETING POR MEDIO DEL MODELO DE PRESENTACIÓN AIDA EN LA GESTIÓN DE VENTAS DEL ORGANISMO EVALUADOR “JUAN BAUTISTA AGUIRRE\"',42,1,1,1,1,'ISSN: 1696-8352','2018-02-06',6,4,'HTTP://WWW.EUMED.NET/2/REV/OEL',1,1,9,85,'EL ARTICULO Y CARTA DE ACEPTACIÓN ESTAN EN EL DRIVE DEL DPTO',1),(85,'11ai','FACTORES Y DIMENSIONES PARA EL DESARROLLO DE SMART CITIES Y LAS NUEVAS TECNOLOGÍAS EN EL TRANSPORTE URBANO EN GUAYAQUIL.',80,81,88,8,1,'ISSN: 2254-7630','2018-02-06',3,4,'HTTP://WWW.EUMED.NET/2/REV/CARIBE/INDEX.HTML',1,1,9,82,'EL ARTICULO Y CARTA DE ACEPTACIÓN ESTAN EN EL DRIVE DEL DPTO',1),(86,'12AI','ANÁLISIS DEL MERCADO TURÍSTICO DE LAS ISLAS GALÁPAGOS: CASO CRUISING GALÁPAGOS',29,25,1,1,1,'ISSN: 1696-8352','2018-02-06',6,4,'HTTPS://WWW.EUMED.NET/REV/OEL/',1,1,9,84,'EL ARTICULO Y CARTA DE ACEPTACIÓN ESTAN EN EL DRIVE DEL DPTO',1),(87,'13AI','MODELO DE GESTIÓN DE PROCESOS DEL DEPARTAMENTO DE ADMISIÓN COMO FACTOR RELEVANTE DENTRO DEL CUADRO DE MANDO INTEGRAL DEL INSITUTO TECNOLÓGICO SUPERIOR JUAN BAUTISTA AGUIRRE',4,86,41,42,1,'ISSN: 2254-7630','2018-03-09',2,4,'HTTPS://WWW.EUMED.NET/REV/CARIBE/INDEX.HTML',1,1,9,85,'EL ARTICULO Y CARTA DE ACEPTACIÓN ESTAN EN EL DRIVE DEL DPTO',1),(88,'14AI','MODELO DE GESTIÓN DE PROCESO TECNOLÓGICO BASADO EN EL BALANCED SCORECARD PARA EL DEPARTAMENTO DE TECNOLOGÍAS DE LA INFORMACIÓN DEL INSTITUTO TECNOLÓGICO SUPERIOR JUAN BAUTISTA AGUIRRE',19,38,17,66,1,'ISSN: 2254-7630','2018-03-08',3,4,'HTTPS://WWW.EUMED.NET/REV/CARIBE/INDEX.HTML',1,1,9,85,'EL ARTICULO Y CARTA DE ACEPTACIÓN ESTAN EN EL DRIVE DEL DPTO',1),(89,'15AI','MÉTODO DE ENSEÑANZA DE LA INVESTIGACIÓN CIENTÍFICA DE LOS ESTUDIANTES Y LA  RODUCCIÓN CIENTÍFICA DE LA UNIVERSIDAD REGIONAL AUTÓNOMA DE LOS ANDES EXTENSIÓN BABAHOYO ECUADOR 2015”.',88,1,1,1,1,'ISSN 1390-9320','2017-10-20',29,4,'HTTP://ECOCIENCIA.ECOTEC.EDU.EC/ARCHIVO.PHP?IDE=18',1,1,12,13,'EL ARTICULO Y CARTA DE ACEPTACIÓN ESTAN EN EL DRIVE DEL DPTO',1),(90,'16AI','INFLUENCIAS DEL OUTSOURCING EN LOS PROCESOS DE GESTIÓN: CASO EMPRESA PROVEEDORA DE SERVICIOS DE INTERNET “INTERCOM”SECTOR NARANJITO',79,1,1,1,1,'ISSN: 1696-8352','2018-03-01',1,4,'HTTP://WWW.EUMED.NET/2/REV/OEL/2018/03/OUTSOURCING-GESTION-INTERCOM.HTML',1,0,9,88,'EL ARTICULO Y CARTA DE ACEPTACIÓN ESTAN EN EL DRIVE DEL DPTO',1),(91,'17AI','INCIDENCIA DEL USO DE LAS REDES SOCIALES COMO HERRAMIENTA GENERADORA DE IMAGEN CORPORATIVA PARA EL INSTITUTO TECNOLÓGICO SUPERIOR JUAN BAUTISTA AGUIRRE EN EL CANTÓN DAULE',33,66,66,14,1,'ISSN: 2254-7630','2018-04-06',2,4,'HTTPS://WWW.EUMED.NET/REV/CARIBE/INDEX.HTML',1,1,9,83,'EL ARTICULO Y CARTA DE ACEPTACIÓN ESTAN EN EL DRIVE DEL DPTO',1),(92,'18AI','ELABORACIÓN DE CRITERIOS AL DISEÑAR OBJETOS VIRTUALES DE APRENDIZAJE COMO ESTRATEGIA METODOLÓGICA EN ENTORNOS VIRTUALES Y SU APORTE AL TRABAJO COOPERATIVO EN EL AULA ',66,1,1,1,1,'ISSN: 2588-073X','2018-02-10',4,4,'DOI: 10.26820/RECIMUNDO/2.1.2018.117-129',1,1,6,56,'EL ARTICULO Y CARTA DE ACEPTACIÓN ESTAN EN EL DRIVE DEL DPTO',1),(93,'19AI','ESTUDIO DE FACTIBILIDAD PARA EL DESARROLLO DE UNA PRODUCTORA CAMARONERA EN LA PROVINCIA DEL GUAYAS – ECUADOR',29,1,1,1,1,'ISSN 1696-8352','2018-03-15',1,4,'HTTPS://WWW.EUMED.NET/REV/OEL',1,1,9,84,'EL ARTICULO Y CARTA DE ACEPTACIÓN ESTAN EN EL DRIVE DEL DPTO',1),(94,'20AI','ANÁLISIS DE RIESGOS DE LA SEGURIDAD DE LA INFORMACIÓN BAJO LA METODOLOGÍA COBIT EN EL DEPARTAMENTO DE RECUPERACIÓN DE CARTERA VENCIDA DE CNEL EP UNIDAD DE NEGOCIO\"',35,88,81,1,1,'ISSN: 2254-7630','2018-04-11',1,4,'HTTPS://WWW.EUMED.NET/REV/CARIBE/INDEX.HTML',1,1,6,57,'EL ARTICULO Y CARTA DE ACEPTACIÓN ESTAN EN EL DRIVE DEL DPTO',1),(95,'21AI','ANALISIS DEL USO DE LAS REDES SOCIALES EN LA EDUCACIÓN TÈCNICA Y TECNOLÓGICA',27,1,1,1,1,'ISSN: 1989- 4155','2018-05-10',5,4,'\"HTTPS://WWW.EUMED.NET/REV/ATLANTE/INDEX.HTML \"',1,1,6,56,'EL ARTICULO Y CARTA DE ACEPTACIÓN ESTAN EN EL DRIVE DEL DPTO',1),(97,'22AI','LA VINCULACIÓN CON LA COMUNIDAD COMO PARTE DEL PLAN ESTRATÉGICO EN INSTITUTOS SUPERIORES TÉCNICOS Y TECNOLÓGICOS',17,19,1,1,1,'ISSN:2254-7630','2018-08-28',1,4,'HTTPS://WWW.EUMED.NET/REV/CARIBE/INDEX.HTML',1,1,12,15,'EL ARTICULO Y CARTA DE ACEPTACIÓN ESTAN EN EL DRIVE DEL DPTO',1),(98,'23AI','MODELO DE GESTIÓN DE PROCESOS PARA EL DEPARTAMENTO DE INVESTIGACIÓN EN LOS INSTITUTOS SUPERIORES TECNOLÓGICOS',81,44,1,1,1,'ISSN 1696-8352','2018-10-03',6,4,'\"HTTPS://WWW.EUMED.NET/REV/OEL/2018/10/GESTION-PROCESOS-INVESTIGACION.HTML \"',1,1,9,85,'EL ARTICULO Y CARTA DE ACEPTACIÓN ESTAN EN EL DRIVE DEL DPTO',1),(99,'24AI','ANÁLISIS COMPARATIVO DE LA  TRANSFERENCIA MODIFICADA DEL SISTEMA DUAL ALEMAN Y ECUATORIANO',70,1,39,1,1,'ISSN: 1989- 4155','2018-02-08',5,4,'\"HTTPS://WWW.EUMED.NET/REV/ATLANTE/INDEX.HTML \"',1,1,12,10,'EL ARTICULO Y CARTA DE ACEPTACIÓN ESTAN EN EL DRIVE DEL DPTO',1),(100,'25AI','MODELO DE GESTIÓN ADMINISTRATIVO POR MEDIO DEL SISTEMA ENTERPRISE RESOURCE PLANNING PARA EL CONTROL DE RECURSOS EN LA FUNDACIÓN TERMINAL TERRESTRE DE GUAYAQUIL',12,25,51,52,43,'ISSN 1696-8352','2018-10-03',6,4,'HTTPS://WWW.EUMED.NET/REV/OEL/2018/10/GESTION-ADMINISTRATIVO-ECUADOR.HTML',1,1,9,85,'EL ARTICULO Y CARTA DE ACEPTACIÓN ESTAN EN EL DRIVE DEL DPTO',1),(101,'26AI','CONTROLES DE LAVADO DE DINERO EN LA LEGISLACIÓN COLOMBIANA Y SU APLICABILIDAD EN ECUADOR',13,9,76,87,1,'ISSN 2028-9324','2019-02-03',7,4,'HTTP://WWW.IJIAS.ISSR-JOURNALS.ORG/ABS.PHP?ARTICLE=IJIAS-18-299-11',1,1,9,74,'EL ARTICULO Y CARTA DE ACEPTACIÓN ESTAN EN EL DRIVE DEL DPTO',1),(102,'27AI','EDUCACIÓN TÉCNICA Y TECNOLÓGICA Y EL FORTALECIMIENTO DE LA POLÍTICA PÚBLICA EN LOS SECTORES ESTRATÉGICOS',4,89,33,1,1,'ISBN: 9874-84759-993','2018-11-16',1,4,'HTTPS://DOCS.WIXSTATIC.COM/UGD/6AE0CD_796159E811534372AC3210A688BC91C0.PDF',0,0,12,15,'FALTA CARTA DE ACEPTACION ',1),(103,'28AI','FORMACIÓN CON ROSTRO HUMANO: SEGURIDAD CIUDADANA Y ORDEN PÚBLICO',15,66,89,1,1,'ISBN: 9874-84759-993','2018-11-16',8,4,'HTTPS://DOCS.WIXSTATIC.COM/UGD/6AE0CD_796159E811534372AC3210A688BC91C0.PDF',0,0,12,6,'FALTA CARTA DE ACEPTACION ',1),(104,'29AI','MECANISMO DE CONTROL DE CONGESTIÓN PARA TRANSFERENCIA DE DATOS EN MULTICAST MULTIPLE',10,1,1,1,1,'INCLUYE DOI: 10.17013/RISTI.30.62–77','2018-11-18',9,4,'HTTP://WWW.SCIELO.MEC.PT/PDF/RIST/N30/N30A06.PDF',1,1,7,103,'EL ARTICULO Y CARTA DE ACEPTACIÓN ESTAN EN EL DRIVE DEL DPTO',1),(105,'30AI','ANÁLISIS DE LA GESTIÓN DE LAS TECNOLOGÍAS DE LA INFORMACIÓN (TI) DENTRO DEL PLAN ESTRATÉGICO EMPRESARIAL DEL GRUPO INTERCOM',81,34,72,12,1,'\"ISSN: 1857-7881 (IMPRESO) ISSN 1857-7431 (DIGTAL)\" TAMBIEN INCLUYE ','2018-08-31',10,4,'URL:HTTP://DX.DOI.ORG/10.19044/ESJ.2019.V15N22P150',1,1,9,102,'FALTA CARTA DE ACEPTACION ',1),(106,'31AI','ROLES DEL DOCENTE EN LA FORMACIÓN DUAL EN EL ECUADOR',46,1,1,1,1,'ISSN 1857-7881','2019-03-01',10,4,'HTTP://EUJOURNAL.ORG/INDEX.PHP/ESJ/ARTICLE/VIEW/11851/11287',0,0,12,2,'FALTA ARTÍCULO Y CARTA DE ACEPTACIÓN',1),(107,'32AI','EL ALMA DE LA REFORMA DE CÓRDOVA DE 1918 EN LA LEGISLACIÓN DE LA EDUCACIÓN SUPERIOR DEL ECUADOR',46,1,1,1,1,'ISSN 1857-7881','2019-02-01',1,4,'HTTP://EUJOURNAL.ORG/INDEX.PHP/ESJ/ARTICLE/VIEW/11753/11200',0,0,12,12,'FALTA ARTÍCULO Y CARTA DE ACEPTACIÓN',1),(108,'33AI','LA FORMACIÓN DUAL Y EL CAMBIO DE LA MATRIZ PRODUCTIVA DEL ECUADOR',46,89,1,1,1,'\"ISSN: 1316-4821 IMPRESO ISSN: 2542-3401 DIGITAL\"','2018-08-01',1,4,'HTTP://WWW.SCIELO.ORG.VE/CGI-BIN/WXIS.EXE/IAH/',0,0,12,1,'FALTA ARTÍCULO Y CARTA DE ACEPTACIÓN',1),(109,'34AI','MEJORA DEL PROCESO CONTINUO MEDIANTE LA APLICACIÓN DE LA METODOLOGÍA DMAIC EN LA LÍNEA DE PRODUCCIÓN CHOCOLATERA DE UNA EMPRESA ALIMENTICIA ',46,1,1,1,1,'\"ISSN: 1316-4821 IMPRESO ISSN: 2542-3401 DIGITAL\"','2019-04-08',11,4,'HTTPS://WWW.UCTUNEXPO.AUTANABOOKS.COM/INDEX.PHP/UCT/ARTICLE/VIEW/98',0,0,1,102,'FALTA ARTÍCULO Y CARTA DE ACEPTACIÓN',1),(110,'35AI','VIDA ÚTIL DE LAS CELDAS EN EL COMPLEJO AMBIENTAL DEL CANTÓN SANTO DOMINGO DE LOS COLORADOS, ECUADOR',46,1,1,1,1,'ISSN 1857-7881','2019-06-01',10,4,'HTTPS://EUJOURNAL.ORG/INDEX.PHP/ESJ/ARTICLE/VIEW/12158',0,0,1,102,'FALTA ARTÍCULO Y CARTA DE ACEPTACIÓN',1),(111,'36AI','DISEÑO DE NEUROMICROCURRÍCULOS PARA CARRERAS DE EDUCACIÓN SUPERIOR',46,1,1,1,1,'ISSN 1857-7881','2019-07-01',10,4,'HTTP://EUJOURNAL.ORG/INDEX.PHP/ESJ/ARTICLE/VIEW/12215/11781',0,0,1,102,'FALTA ARTÍCULO Y CARTA DE ACEPTACIÓN',1),(112,'1L','\"EL MALTRATO PSICOPEDAGÓGICO EN LOS ESTUDIANTES DE LAS ESCUELAS FISCALES RURALES: UN DIAGNÓSTICO PARA SU MEJORAMIENTO.\"',89,1,1,1,1,'ISBN 978-9942-760-26-5','2017-06-01',13,2,'HTTPS://DOCS.WIXSTATIC.COM/UGD/6AE0CD_AAB1DA8A9E264EF4866EFD63C7115205.PDF	 	',1,0,12,7,'SECCIÓN DE LIBRO PAG. 34',1),(113,'2L','SISTEMA DE CAPACITACIÓN VIRTUAL E- LEARNIG EN LOS INSTITUTOS PÚBLICOS',81,1,1,1,1,'ISBN-13:978-3-659-65564-7','2017-05-01',1,2,'HTTPS://WWW.MOREBOOKS.DE/STORE/ES/BOOK/SISTEMA-DE-CAPACITACI%C3%B3N-VIRTUAL-E-LEARNING-EN-LOS-INSTITUTOS-P%C3%BABLICOS/ISBN/978-3-659-65564-7	 	 	',1,0,6,56,'LIBRO COMPLETO',1),(114,'3L','LA EDUCACIÓN SUPERIOR  TECNOLÓGICA Y MERCADO LABORAL',89,1,1,1,1,' ISBN: 978-9942-30-566-4 ','2018-01-01',15,2,'HTTP://LIVEWORKINGEDITORIAL.COM/TIENDA/	',1,0,12,1,'CAPITULO 4 PAG. 79 DEL LIBRO  LA UNIVERSIDAD PERSPECTIVA , VISIÓN Y PROPUESTA DEL SIGLO 21',1),(115,'4L','LA EDUCACIÓN SUPERIOR TECNOLÓGICA NUEVO ESCENARIO PARA LA SEGURIDAD PENITENCIARIA',22,1,1,1,1,'ISBN: 978-9942-35-035-0','2018-05-01',1,2,'HTTP://LIVEWORKINGEDITORIAL.COM/WP-CONTENT/UPLOADS/BOOKS/LIBRO-1-EDUCACION-CONTEMPORANEA-V120718.PDF	',1,0,12,10,'CAPITULO 9 PAG. 95  DE LIBRO  NUEVOS ESCENARIOS DE EDUCACIÓN CONTEMPORANEA TOMO 1',1),(116,'5L','GESTIÓN DEL PROCESO DE TITULACIÓN COMO MEDIO PARA IMPULSAR Y POTENCIAR  LA INVESTIGACIÓN CIENTÍFICA PERTINENTE EN LOS INSTITUTOS TÉCNICOS TECNOLÓGICOS',89,1,1,1,1,'ISBN: 978-9942-757-39-5','2018-04-01',16,2,'NINGUNA',1,0,12,14,'LIBRO COMPLETO',1),(117,'6L','APRENDIZAJE EXPERIENCIAL Y SU APLICACIÓN EN EL PROCESO DE ENSEÑANZA Y APRENDIZAJE',89,1,1,1,1,'ISBN: 978-9942-33-119-9','2019-04-01',17,2,'NINGUNA',1,0,12,6,'LIBRO COMPLETO',1),(118,'7L','GUÍA DIDÁCTICA LUDÍ EDÚCATE POTENCIADOR DEL PROCESO COGNITIVO',89,55,1,1,1,'ISBN: 978-9942-33-118-2','2019-04-01',17,2,'NINGUNA',1,0,12,8,'GUÍA DIDÁCTICA',1),(119,'8L','MODELO DE GESTIÓN DE PROCESOS ACADÉMICOS',88,89,81,1,1,'ISBN: 978-9942-33-040-6','2018-10-01',17,2,'NINGUNA',1,0,9,14,'LIBRO COMPLETO',1),(120,'9L','COMPONENTES EPISTEMOLÓGICOS: FORMAS DE INVESTIGAR LA  EDUCACIÓN',89,1,1,1,1,'ISBN: 978-9942-36-379-4','2019-07-01',15,2,'\"HTTP://LIVEWORKINGEDITORIAL.COM/WP-CONTENT/UPLOADS/BOOKS/LIBRO-CEFIE V050719.PDF\"	',1,0,12,6,'\"CAPITULO DE  LIBRO PAG. 209 ESPISTEMOLOGÍA DEL CONOCIMIENTO DE LA FORMACIÓN DUAL\"',1);
/*!40000 ALTER TABLE `inv_produccion` ENABLE KEYS */;
UNLOCK TABLES;

--
-- Table structure for table `inv_profesion`
--

DROP TABLE IF EXISTS `inv_profesion`;
/*!40101 SET @saved_cs_client     = @@character_set_client */;
/*!40101 SET character_set_client = utf8 */;
CREATE TABLE `inv_profesion` (
  `id_profesion` int(10) NOT NULL AUTO_INCREMENT,
  `descripcion` varchar(100) DEFAULT NULL,
  `estado` int(1) DEFAULT '1',
  PRIMARY KEY (`id_profesion`),
  UNIQUE KEY `descripcion` (`descripcion`)
) ENGINE=InnoDB AUTO_INCREMENT=55 DEFAULT CHARSET=utf8;
/*!40101 SET character_set_client = @saved_cs_client */;

--
-- Dumping data for table `inv_profesion`
--

LOCK TABLES `inv_profesion` WRITE;
/*!40000 ALTER TABLE `inv_profesion` DISABLE KEYS */;
INSERT INTO `inv_profesion` VALUES (1,'NINGUNA',1),(2,'INGENIERO/A INDUSTRIAL',1),(4,'LICENCIADO/A EN SISTEMAS DE INFORMACIÓN',1),(5,'INGENIERO/A COMERCIAL',1),(6,'INGENIERO/A EN CONTABILIDAD Y AUDITORÍA CPA',1),(7,'INGENIERO/A AGROINDUSTRIAL',1),(8,'LICENCIADO/A EN CIENCIAS DE LA EDUCACION MENCION LENGUA INGLESA Y LINGUÍSTICA ',1),(9,'LICENCIADO/A EN SISTEMAS COMPUTACIONALES /INGENIERA EN SISTEMAS E INFORMÁTICA',1),(10,'LICENCIADO/A EN ADMINISTRACIÓN TECNOLÓGICA,',1),(11,'INGENIERO/A EN CIENCIAS EMPRESARIALES',1),(12,'CONTADOR (A) PÚBLICO/A AUTORIZADO/A',1),(13,'LICENCIADO/A EN CIENCIAS DE LA COMUNICACIÓN SOCIAL',1),(14,'LICENCIADA EN CIENCIAS DE LA EDUCACIÓN MENCIÓN LENGUA INGLESA',1),(15,'INGENIERÍA COMERCIAL Y EMPRESARIAL',0),(16,'INGENIERA EN ELECTRICIDAD CON ESPECIALIZACIÓN EN ELECTRÓNICA Y AUTOMATIZACIÓN INDUSTRIAL',1),(17,'LICENCIADA EN CIENCIAS DE LA EDUCACIÓN INFORMÁTICA Y PROGRAMACIÓN',1),(18,'INGENIERO (A) EN NEGOCIOS INTERNACIONALES',1),(20,'LICENCIADO EN CIENCIAS DE LA EDUCACION MENCION INGLÉS',1),(21,'LICENCIADA EN CIENCIAS DE LA EDUCACIÓN MENCIÓN INFORMÁTICA',0),(22,'ECONOMISTA',1),(23,'INGENIERO EN ELECTRÓNICA, TELECOMUNICACIONES Y REDES ',1),(24,'LICENCIADA EN PUBLICIDAD Y MERCADOTECNIA',1),(25,'INGENIERO/A EN EN GESTIÓN DE TRANSPORTE',1),(26,'INGENIERO EN SISTEMAS COMPUTACIONALES',1),(27,'INGENIERO COMERCIAL Y EMPRESARIAL',0),(28,'INGENIERO/ A EN NEGOCIOS INTERNACIONALES',1),(29,'BIOLOGO ',1),(30,'ECONOMISTA CON MENCIÓN EN ECONOMÍA INTERNACIONAL Y GESTIÓN EN COMERCIO EXTERIOR',1),(31,'INGENIERO EN MARKETING',1),(32,'INGENIERO/A AGRONOMO',1),(33,'INGENIERO/A EN MARKETING Y COMERCIO INTERNACIONAL',1),(34,'INGENIERO/A EN COMPUTACIÓN ESPECIALIZACIÓN SISTEMAS TECNOLÓGICOS',1),(35,'INGENIERO/A EN GESTIÓN EMPRESARIAL',1),(36,'LICENCIADO/A EN CIENCIAS DE LA EDUCACIÓN MENCIÓN INFORMÁTICA',1),(37,'LICENCIADO/A EN CIENCIAS ECONOMICAS',1),(38,'INGENIERO/A EN ALIMENTOS',1),(39,'LICENCIADO/A EN CIENCIAS DE LA EDUCACIÓN MENCIÓN SISTEMAS MULTIMEDIA',1),(40,'INGENIERO/A EN SISTEMAS ADMINISTRATIVOS COMPUTARIZADOS',1),(41,'INGENIERO/A CIVIL',1),(42,'MÉDICO',1),(43,'INGENIERO/A EN CIENCIAS COMPUTACIONALES',1),(45,'LICENCIADO/A EN DISEÑO Y ´PRODUCCIÓN AUDIOVISUAL',1),(46,'INGENIERO/ EN CONTADURIA PUBLICA Y AUDITORIA CPA',1),(47,'ABOGADO DE LOS TRIBUNALES Y JUZGADOS DE LA REPUBLICA DEL ECUADOR',1),(48,'INGENIERO/A EN CONTABILIDAD SUPERIOR AUDITORIA Y FINANZAS CPA',1),(49,'PSICOLOGO/A',1),(50,'ECONOMISTA CON MENCIÓN EN GESTIÓN EMPRESARIAL',1),(51,'INGENIERO/A COMERCIAL Y EMPRESARIAL',1),(52,'INGENIERO AGROPECUARIO CON MENCIÓN EN GESTION EMPREARIAL AGROPECUARIA',1),(53,'LICENCIADA EN LENGUA INGLESA MENCION EN ENSEÑANZA Y ADMINISTRACION DE SISTEMAS EDUCATIVOS EN TEFL',1),(54,'LICENCIADO/A EN CIENCIAS DE LA EDUCACION MENCION IDIOMAS (INGLES - FRANCES) ',1);
/*!40000 ALTER TABLE `inv_profesion` ENABLE KEYS */;
UNLOCK TABLES;

--
-- Table structure for table `inv_proyecto_integrador`
--

DROP TABLE IF EXISTS `inv_proyecto_integrador`;
/*!40101 SET @saved_cs_client     = @@character_set_client */;
/*!40101 SET character_set_client = utf8 */;
CREATE TABLE `inv_proyecto_integrador` (
  `id_proyecto` int(10) NOT NULL AUTO_INCREMENT,
  `nombre` varchar(200) DEFAULT NULL,
  `descripcion` varchar(200) DEFAULT NULL,
  `fecha_registro` date DEFAULT NULL,
  `fecha_evaluacion` date DEFAULT NULL,
  `id_periodo` int(11) DEFAULT NULL,
  `id_carrera` int(11) DEFAULT NULL,
  `id_nivel` int(11) DEFAULT NULL,
  `id_tutor` int(11) DEFAULT NULL,
  `id_jornada` int(11) DEFAULT NULL,
  `id_paralelo` int(11) DEFAULT NULL,
  `id_jurado1` int(10) NOT NULL,
  `id_jurado2` int(10) NOT NULL,
  `id_jurado3` int(10) NOT NULL,
  `nota_documental` double(10,2) DEFAULT NULL,
  `nota1_jurado1` double(10,2) DEFAULT NULL,
  `nota2_jurado1` double(10,2) DEFAULT NULL,
  `nota3_jurado1` double(10,2) DEFAULT NULL,
  `nota4_jurado1` double(10,2) DEFAULT NULL,
  `nota5_jurado1` double(10,2) DEFAULT NULL,
  `nota6_jurado1` double(10,2) DEFAULT NULL,
  `nota7_jurado1` double(10,2) DEFAULT NULL,
  `nota8_jurado1` double(10,2) DEFAULT NULL,
  `nota9_jurado1` double(10,2) DEFAULT NULL,
  `nota1_jurado2` double(10,2) DEFAULT NULL,
  `nota2_jurado2` double(10,2) DEFAULT NULL,
  `nota3_jurado2` double(10,2) DEFAULT NULL,
  `nota4_jurado2` double(10,2) DEFAULT NULL,
  `nota5_jurado2` double(10,2) DEFAULT NULL,
  `nota6_jurado2` double(10,2) DEFAULT NULL,
  `nota7_jurado2` double(10,2) DEFAULT NULL,
  `nota8_jurado2` double(10,2) DEFAULT NULL,
  `nota9_jurado2` double(10,2) DEFAULT NULL,
  `nota1_jurado3` double(10,2) DEFAULT NULL,
  `nota2_jurado3` double(10,2) DEFAULT NULL,
  `nota3_jurado3` double(10,2) DEFAULT NULL,
  `nota4_jurado3` double(10,2) DEFAULT NULL,
  `nota5_jurado3` double(10,2) DEFAULT NULL,
  `nota6_jurado3` double(10,2) DEFAULT NULL,
  `nota7_jurado3` double(10,2) DEFAULT NULL,
  `nota8_jurado3` double(10,2) DEFAULT NULL,
  `nota9_jurado3` double(10,2) DEFAULT NULL,
  `estado` int(10) DEFAULT '1',
  PRIMARY KEY (`id_proyecto`),
  UNIQUE KEY `nombre_UNIQUE` (`nombre`),
  KEY `FK_inv_proyecto_integrador_periodolectivo` (`id_periodo`),
  KEY `FK_inv_proyecto_integrador_carrera` (`id_carrera`),
  KEY `FK_inv_proyecto_integrador_periodoacademico` (`id_nivel`),
  KEY `FK_inv_proyecto_integrador_paralelo` (`id_paralelo`),
  KEY `FK_inv_proyecto_integrador_personal` (`id_tutor`),
  KEY `FK_inv_proyecto_integrador_inv_usuario` (`id_jurado1`),
  KEY `FK_inv_proyecto_integrador_inv_usuario_2` (`id_jurado2`),
  KEY `FK_inv_proyecto_integrador_inv_usuario_3` (`id_jurado3`),
  CONSTRAINT `FK_inv_proyecto_integrador_carrera` FOREIGN KEY (`id_carrera`) REFERENCES `carrera` (`IdCarrera`),
  CONSTRAINT `FK_inv_proyecto_integrador_inv_usuario` FOREIGN KEY (`id_jurado1`) REFERENCES `inv_usuario` (`idUsuario`),
  CONSTRAINT `FK_inv_proyecto_integrador_inv_usuario_2` FOREIGN KEY (`id_jurado2`) REFERENCES `inv_usuario` (`idUsuario`),
  CONSTRAINT `FK_inv_proyecto_integrador_inv_usuario_3` FOREIGN KEY (`id_jurado3`) REFERENCES `inv_usuario` (`idUsuario`),
  CONSTRAINT `FK_inv_proyecto_integrador_paralelo` FOREIGN KEY (`id_paralelo`) REFERENCES `paralelo` (`idParalelo`),
  CONSTRAINT `FK_inv_proyecto_integrador_periodoacademico` FOREIGN KEY (`id_nivel`) REFERENCES `periodoacademico` (`IdPeriodoAcademico`),
  CONSTRAINT `FK_inv_proyecto_integrador_periodolectivo` FOREIGN KEY (`id_periodo`) REFERENCES `periodolectivo` (`IdPeriodoLectivo`),
  CONSTRAINT `FK_inv_proyecto_integrador_personal` FOREIGN KEY (`id_tutor`) REFERENCES `personal` (`IdPersonal`)
) ENGINE=InnoDB DEFAULT CHARSET=utf8;
/*!40101 SET character_set_client = @saved_cs_client */;

--
-- Dumping data for table `inv_proyecto_integrador`
--

LOCK TABLES `inv_proyecto_integrador` WRITE;
/*!40000 ALTER TABLE `inv_proyecto_integrador` DISABLE KEYS */;
/*!40000 ALTER TABLE `inv_proyecto_integrador` ENABLE KEYS */;
UNLOCK TABLES;

--
-- Table structure for table `inv_revista`
--

DROP TABLE IF EXISTS `inv_revista`;
/*!40101 SET @saved_cs_client     = @@character_set_client */;
/*!40101 SET character_set_client = utf8 */;
CREATE TABLE `inv_revista` (
  `id_revista` int(10) NOT NULL AUTO_INCREMENT,
  `nombre` varchar(200) DEFAULT NULL,
  `procedencia` varchar(100) DEFAULT NULL,
  `id_indexado` int(10) DEFAULT NULL,
  `id_tipo_revista` int(10) DEFAULT NULL,
  `estado` int(1) DEFAULT '1',
  PRIMARY KEY (`id_revista`),
  UNIQUE KEY `nombre` (`nombre`),
  KEY `FK_inv_revista_inv_tipo_revista` (`id_tipo_revista`),
  KEY `FK_inv_revista_inv_indexacion` (`id_indexado`),
  CONSTRAINT `FK_inv_revista_inv_revista` FOREIGN KEY (`id_tipo_revista`) REFERENCES `inv_revista` (`id_revista`)
) ENGINE=InnoDB AUTO_INCREMENT=30 DEFAULT CHARSET=utf8;
/*!40101 SET character_set_client = @saved_cs_client */;

--
-- Dumping data for table `inv_revista`
--

LOCK TABLES `inv_revista` WRITE;
/*!40000 ALTER TABLE `inv_revista` DISABLE KEYS */;
INSERT INTO `inv_revista` VALUES (1,'COMPAS REVISTA UNIVERSIDAD Y SOCIEDAD','ECUADOR',3,1,1),(2,'EUMED. NET ENCICLOPEDIA  VIRTUAL REVISTA CONTRIBUCIONES A LAS CIENCIAS SOCIALES','ECUADOR',4,1,1),(3,'EUMED. NET ENCICLOPEDIA  VIRTUAL REVISTA CARIBEÑA DE LAS CIENCIAS SOCIALES','ECUADOR',4,1,1),(4,'RECIMUNDO REVISTA CIENTÍFICA MUNDO DE LA INVESTIGACIÓN Y CONOCIMIENTO','ECUADOR',4,1,1),(5,'EUMED. NET ENCICLOPEDIA  VIRTUAL REVISTA ATLANTE: CUADERNOS DE EDUCACIÓN Y DESARROLLO','ECUADOR',4,1,1),(6,'EUMED. NET ENCICLOPEDIA  VIRTUAL REVISTA OBSERVATORIO DE LA ECONOMÍA LATINOAMERICANA','ECUADOR',4,1,1),(7,'INTERNATIONAL JOURNAL OF INNOVATION AND APPLIED STUDIES ','ECUADOR',2,1,1),(8,'GRUPO COMPAS MEMORIAS III CONGRESO MULTIDISCIPLINARIO DE INVESTIGACIÓN CIENTÍFICA ','ECUADOR',2,1,1),(9,'RISTI REVISTA IBÉRICA DE SISTEMAS E TECNOLOGÍAS DE INFORMACAO','ECUADOR',2,1,1),(10,'EUROPEAN SCIENTIFIC JOURNAL','ECUADOR',2,1,1),(11,'REVISTA UNIVERSIDAD CIENCIA Y TECNOLOGÍA','ECUADOR',3,1,1),(13,'COMPAS WORKSHOP VII','ECUADOR',1,1,1),(14,'EDITORIAL  ACADEMIA ESPAÑOLA','ECUADOR',1,1,1),(15,'LIVE WORKING EDITORIAL','ECUADOR',1,1,1),(16,'ULINK','ECUADOR',1,1,1),(17,'EDICIONES GRUPO COMPÁS 2019','ECUADOR',1,1,1),(18,'LIVEWORKING S.A','ECUADOR',1,1,1),(19,'MEMORIAS DEL CONGRESO PUECESA','ECUADOR',1,1,1),(20,'MEMORIAS DEL CONGRESO ITB','ECUADOR',1,1,1),(21,'REVISTA CIENTÍFICA DE UNIVALE UNIVERSIDADE VALE DO RIO DOCE','ECUADOR',1,1,1),(22,'MEMORIAS DE CONGRESO INSTITUTO SUPERIOR TECNOLÓGICO BOLIVARIANO','ECUADOR',1,1,1),(23,'MEMORIAS DEL EVENTO  REPENSANDO EN LA EDUCACIÓN SUPERIOR EN ECUADOR AMÉRICA LATINA Y EL CARIBE A CIEN AÑOS DE LA REFORMA UNIVERSITARIA  DE CÓRDOBA','ECUADOR',1,1,1),(24,'CACES MEMORIAS DEL PRIMER CONGRESO INTERNACIONAL  “SITUACIÓN ACTUAL Y PROSPECTIVA DE LA FORMACIÓN TÉCNICA Y TECNOLÓGICA EN AMÉRICA LATINA\"','ECUADOR',1,1,1),(26,'REVISTA CIENTÍFICA ARISTA','ECUADOR',1,1,1),(27,'MEMORIAS DEL EVENTO  REPENSANDO EN LA EDUCACIÓN SUPERIOR EN ECUADOR AMÉRICA LATINA Y EL CARIBE A CIEN AÑOS DE LA REFORMA UNIVERSITARIA  DE CÓRDOBA REVISTA UNIVERSIDAD CIENCIA Y TECNOLOGIA ','ECUADOR',1,1,1),(28,' CONGRESO INTERNACIONAL DE DESARROLLO TECNOLÓGICO E INNOVACIÓN','ECUADOR',1,1,1),(29,'REVISTA CIENTÍFICA ECOCIENCIA','ECUADOR',4,1,1);
/*!40000 ALTER TABLE `inv_revista` ENABLE KEYS */;
UNLOCK TABLES;

--
-- Table structure for table `inv_sublinea`
--

DROP TABLE IF EXISTS `inv_sublinea`;
/*!40101 SET @saved_cs_client     = @@character_set_client */;
/*!40101 SET character_set_client = utf8 */;
CREATE TABLE `inv_sublinea` (
  `id_sublinea` int(10) NOT NULL AUTO_INCREMENT,
  `descripcion` varchar(200) DEFAULT NULL,
  `id_linea` int(10) DEFAULT NULL,
  `estado` int(1) DEFAULT '1',
  PRIMARY KEY (`id_sublinea`),
  UNIQUE KEY `descripcion` (`descripcion`),
  KEY `FK_inv_sublinea_inv_linea` (`id_linea`),
  CONSTRAINT `FK_inv_sublinea_inv_linea` FOREIGN KEY (`id_linea`) REFERENCES `inv_linea` (`id_linea`)
) ENGINE=InnoDB AUTO_INCREMENT=104 DEFAULT CHARSET=utf8;
/*!40101 SET character_set_client = @saved_cs_client */;

--
-- Dumping data for table `inv_sublinea`
--

LOCK TABLES `inv_sublinea` WRITE;
/*!40000 ALTER TABLE `inv_sublinea` DISABLE KEYS */;
INSERT INTO `inv_sublinea` VALUES (1,'El currículo y el contexto socio-productivo',1,1),(2,'Formación docente en el medio ',1,1),(3,'El currículo y los objetivos nacionales',1,1),(4,'La familia como pilar fundamental de la educación',1,1),(5,'Roles de las autoridades educativas',1,1),(6,'Experiencias educativas en el aula',1,1),(7,'Experiencias educativas en otras instituciones ',1,1),(8,'Uso correcto de los recursos didácticos y tecnológicos ',1,1),(9,'Las destrezas de desempeño y su evaluación',1,1),(10,'	Experiencias en la formación dual en el aula ',1,1),(11,'Experiencias de la formación en las empresas formadoras',1,1),(12,'Análisis de sucesos educativos históricos relevantes ',1,1),(13,'Desarrollo de nuevas metodologías de enseñanza ',1,1),(14,'Desarrollo de nuevos procesos de gestión',1,1),(15,'Sectores priorizados y ámbitos de la educación técnica y tecnológica',1,1),(16,'Seguridad alimentaria métodos y procesos',2,1),(17,'Control de calidad según normas ISO',2,1),(18,'Componentes nutricionales de los alimentos',2,1),(19,'Implementación de nuevas tecnologías utilizando nuevos recursos',2,1),(20,'Procesos biotecnológicos',2,1),(21,'Sustancias bioactivas para la elaboración de alimentos',2,1),(22,'Equipos de industria agroalimentarias',2,1),(23,'Gestión y respuesta hacia la resiliencia',3,1),(24,'Riesgos higiénicos',3,1),(25,'Implementación de nuevas metodologías en la prevención de riesgo laborales',3,1),(26,'Capacitación y formación continua sobre  la higiene industrial y seguridad ocupacional.',3,1),(27,'Enfermedades ocupacionales',3,1),(28,'Condiciones laborales y accidente laborales',3,1),(29,'Desempeño laboral según condiciones y salud ocupacionales',3,1),(30,'Analizar las disyuntivas del transporte o perfeccionarlas',4,1),(31,'Redes de transporte',4,1),(32,'Modo de transporte y trafico',4,1),(33,'Microeconomia del transporte',4,1),(34,'	Procedimiento, manejo y dirección de sistemas logísticos y de transporte de carga.',4,1),(35,'	Transporte y la contaminación ambiental',4,1),(36,'Sustentabilidad de ciudades mediante el transporte público',4,1),(37,'Optimización del tráfico y transporte público',4,1),(38,'Innovación en infraestructura, ya sea de semáforos, metro u autopistas',4,1),(39,'Medidas de prevención gracias a la seguridad vial',4,1),(40,'Conservación ambiental',5,1),(41,'Gestión ambiental',5,1),(42,'Bioseguridad y bioconocimiento para la innovación y el crecimiento social',5,1),(43,'Aplicaciones tecnológicas para la protección ambiental',5,1),(44,'Conservación de espacios naturales para el incremento de áreas verdes',5,1),(45,'	Innovación en biodiesel y bioetanol con nuevos recursos biológicos',5,1),(46,'Monitoreo de la estocasticidad ambiental',5,1),(47,'	Manejo de cuencas hidrográficas',5,1),(48,'	Evaluación de la calidad de agua, suelo, aire',5,1),(49,'	Aprovechamiento de residuos para generación de energía',5,1),(50,'	Manejo integral de residuos sólidos',5,1),(51,'	Biorremediación',5,1),(52,'	Evaluación de impactos ambientales',5,1),(53,'	Ordenamiento Territorial',5,1),(54,'	Educación ambiental',5,1),(55,'	Metales pesados en flora y fauna',5,1),(56,'Tecnología educativa',6,1),(57,'Seguridad informática',6,1),(58,'Ingeniería, desarrollo de software',6,1),(59,'Tecnología empresarial e industrial',6,1),(60,'	Desarrollo e implementación de páginas Web',6,1),(61,'	Diseño de sistemas',6,1),(62,'	Auditoria informática',6,1),(63,'	Base de datos',6,1),(64,'	Mantenimiento de hardware',7,1),(65,'	Mantenimiento de correctivo',7,1),(66,'	Mantenimiento preventivo ',7,1),(67,'	Protocolos de mantenimientos ',7,1),(68,'	Ensamblajes de equipos de computo',7,1),(69,'	Herramientas necesarias para montar y desmontar equipos de computo',7,1),(70,'	Optimización de recursos ',7,1),(71,'	Nuevas tendencias del  hardware',7,1),(72,'	Factores que afectan al hardware',7,1),(73,'	Mantenimiento y ensamblaje',7,1),(74,'	Obligaciones tributarias',8,1),(75,'	Aplicaciones web para las finanzas',8,1),(76,'Auditoría contable',8,1),(77,'	Riesgo financiero ',8,1),(78,'	Finanzas en pequeñas, medianas y grandes empresas',8,1),(79,'	La solvencia de prestamos',8,1),(80,'	Análisis estadísticos macro y micro económicos a nivel nacional e internacional',8,1),(81,'	Restructuración del mercado',8,1),(82,'	Tecnologías gerencial y su impacto en la organización y la sociedad',9,1),(83,'	Comportamiento individual, cooperativo y colaborativo',9,1),(84,'	Emprendimiento empresarial',9,1),(85,'	Modelos de gestión administrativas de pequeñas y medianas empresas',9,1),(86,'Tecnologías de información en las PYMES',9,1),(87,'Administración de empresas y su responsabilidad social',9,1),(88,'Outsourcing y offshoring en empresas nacionales e internacionales',9,1),(89,'Alianzas estratégicas, acuerdos de cooperación y articulación entre empresas en beneficio de la sociedad',9,1),(90,'Investigación penal y el debido proceso',10,1),(91,'El delito: dinámicas, contextos y sujetos participantes',10,1),(92,'Acceso a la justicia, retardo procesal e impunidad',10,1),(93,'Victimología',10,1),(94,'Actos ilícitos y justicia restaurativa',10,1),(95,'Prevención del delito',10,1),(96,'Protocolos de asistencia a víctimas de violencia y delito',10,1),(97,'Dinámicas de la sociedad carcelaria',11,1),(98,'Adolescentes en conflicto con la ley penal: privación de libertad y medidas sancionatorias',11,1),(99,'Atención integral de la población privada de libertad',11,1),(100,'Progresividad en el cumplimiento de la pena y fórmulas alternativas a la privación de libertad',11,1),(101,'Régimen penitenciario: resguardo y custodia de los recintos penitenciarios',11,1),(102,'NO REGISTRA',1,1),(103,'REDES',7,1);
/*!40000 ALTER TABLE `inv_sublinea` ENABLE KEYS */;
UNLOCK TABLES;

--
-- Table structure for table `inv_tipo_produccion`
--

DROP TABLE IF EXISTS `inv_tipo_produccion`;
/*!40101 SET @saved_cs_client     = @@character_set_client */;
/*!40101 SET character_set_client = utf8 */;
CREATE TABLE `inv_tipo_produccion` (
  `id_tipo_produccion` int(10) NOT NULL AUTO_INCREMENT,
  `descripcion` varchar(100) DEFAULT NULL,
  `estado` int(1) DEFAULT '1',
  PRIMARY KEY (`id_tipo_produccion`),
  UNIQUE KEY `descripcion_UNIQUE` (`descripcion`)
) ENGINE=InnoDB AUTO_INCREMENT=5 DEFAULT CHARSET=utf8;
/*!40101 SET character_set_client = @saved_cs_client */;

--
-- Dumping data for table `inv_tipo_produccion`
--

LOCK TABLES `inv_tipo_produccion` WRITE;
/*!40000 ALTER TABLE `inv_tipo_produccion` DISABLE KEYS */;
INSERT INTO `inv_tipo_produccion` VALUES (1,'PONENCIA',1),(2,'LIBRO',1),(3,'CAPITULO DE LIBRO',1),(4,'ARTICULO INDEXADO',1);
/*!40000 ALTER TABLE `inv_tipo_produccion` ENABLE KEYS */;
UNLOCK TABLES;

--
-- Table structure for table `inv_tipo_revista`
--

DROP TABLE IF EXISTS `inv_tipo_revista`;
/*!40101 SET @saved_cs_client     = @@character_set_client */;
/*!40101 SET character_set_client = utf8 */;
CREATE TABLE `inv_tipo_revista` (
  `id_tipo_revista` int(10) NOT NULL AUTO_INCREMENT,
  `descripcion` varchar(50) DEFAULT NULL,
  `estado` int(1) DEFAULT '1',
  PRIMARY KEY (`id_tipo_revista`),
  UNIQUE KEY `descripcion` (`descripcion`)
) ENGINE=InnoDB AUTO_INCREMENT=3 DEFAULT CHARSET=utf8;
/*!40101 SET character_set_client = @saved_cs_client */;

--
-- Dumping data for table `inv_tipo_revista`
--

LOCK TABLES `inv_tipo_revista` WRITE;
/*!40000 ALTER TABLE `inv_tipo_revista` DISABLE KEYS */;
INSERT INTO `inv_tipo_revista` VALUES (1,'ALTO IMPACTO',1),(2,'BAJO IMPACTO',1);
/*!40000 ALTER TABLE `inv_tipo_revista` ENABLE KEYS */;
UNLOCK TABLES;

--
-- Table structure for table `inv_tipousuario`
--

DROP TABLE IF EXISTS `inv_tipousuario`;
/*!40101 SET @saved_cs_client     = @@character_set_client */;
/*!40101 SET character_set_client = utf8 */;
CREATE TABLE `inv_tipousuario` (
  `idTipoUsuario` int(10) unsigned NOT NULL AUTO_INCREMENT,
  `descripcion` varchar(50) DEFAULT NULL,
  `estado` int(1) NOT NULL DEFAULT '1',
  PRIMARY KEY (`idTipoUsuario`),
  UNIQUE KEY `descripcion_UNIQUE` (`descripcion`)
) ENGINE=InnoDB AUTO_INCREMENT=5 DEFAULT CHARSET=latin1;
/*!40101 SET character_set_client = @saved_cs_client */;

--
-- Dumping data for table `inv_tipousuario`
--

LOCK TABLES `inv_tipousuario` WRITE;
/*!40000 ALTER TABLE `inv_tipousuario` DISABLE KEYS */;
INSERT INTO `inv_tipousuario` VALUES (1,'administrador',1),(2,'investigacion',1),(3,'jurado',1),(4,'estudiante',1);
/*!40000 ALTER TABLE `inv_tipousuario` ENABLE KEYS */;
UNLOCK TABLES;

--
-- Table structure for table `inv_usuario`
--

DROP TABLE IF EXISTS `inv_usuario`;
/*!40101 SET @saved_cs_client     = @@character_set_client */;
/*!40101 SET character_set_client = utf8 */;
CREATE TABLE `inv_usuario` (
  `idUsuario` int(10) NOT NULL AUTO_INCREMENT,
  `cedula` varchar(15) NOT NULL,
  `nombre` varchar(50) NOT NULL,
  `apellido` varchar(50) NOT NULL,
  `direccion` varchar(80) NOT NULL,
  `telefono` varchar(20) NOT NULL,
  `correo` varchar(100) DEFAULT NULL,
  `usuario` varchar(25) NOT NULL,
  `contrasena` varchar(25) NOT NULL,
  `idTipoUsuario` int(10) unsigned NOT NULL,
  `estado` int(1) NOT NULL DEFAULT '1',
  PRIMARY KEY (`idUsuario`),
  UNIQUE KEY `cedula_UNIQUE` (`cedula`),
  KEY `FK_tb_usuario_tb_tipousuario` (`idTipoUsuario`),
  CONSTRAINT `FK_inv_usuario_inv_tipousuario` FOREIGN KEY (`idTipoUsuario`) REFERENCES `inv_tipousuario` (`idTipoUsuario`)
) ENGINE=InnoDB AUTO_INCREMENT=542 DEFAULT CHARSET=latin1;
/*!40101 SET character_set_client = @saved_cs_client */;

--
-- Dumping data for table `inv_usuario`
--

LOCK TABLES `inv_usuario` WRITE;
/*!40000 ALTER TABLE `inv_usuario` DISABLE KEYS */;
INSERT INTO `inv_usuario` VALUES (541,'0942127374','Usuario','Administrador','Daule','0992368207','info@istjba.edu.ec','admin','12345',1,1);
/*!40000 ALTER TABLE `inv_usuario` ENABLE KEYS */;
UNLOCK TABLES;

--
-- Table structure for table `paralelo`
--

DROP TABLE IF EXISTS `paralelo`;
/*!40101 SET @saved_cs_client     = @@character_set_client */;
/*!40101 SET character_set_client = utf8 */;
CREATE TABLE `paralelo` (
  `idParalelo` int(11) NOT NULL AUTO_INCREMENT,
  `DescripParalelo` char(2) DEFAULT NULL,
  `EstadoParalelo` char(2) DEFAULT NULL,
  `UsuarioGraba` varchar(65) DEFAULT NULL,
  `FechaGraba` datetime DEFAULT NULL,
  `UsuarioModifica` varchar(65) DEFAULT NULL,
  `FechaModifica` datetime DEFAULT NULL,
  PRIMARY KEY (`idParalelo`)
) ENGINE=InnoDB AUTO_INCREMENT=21 DEFAULT CHARSET=utf8;
/*!40101 SET character_set_client = @saved_cs_client */;

--
-- Dumping data for table `paralelo`
--

LOCK TABLES `paralelo` WRITE;
/*!40000 ALTER TABLE `paralelo` DISABLE KEYS */;
INSERT INTO `paralelo` VALUES (1,'A','A','SA',NULL,NULL,NULL),(2,'B','A','SA',NULL,NULL,NULL),(3,'C','A','SA',NULL,NULL,NULL),(4,'D','A','SA',NULL,NULL,NULL),(5,'E','A','SA',NULL,NULL,NULL),(6,'F','A','SA',NULL,NULL,NULL),(7,'G','A','SA',NULL,NULL,NULL),(8,'H','A','SA',NULL,NULL,NULL),(9,'I','A','SA',NULL,NULL,NULL),(10,'J','A','SA',NULL,NULL,NULL),(11,'K','A','SA',NULL,NULL,NULL),(12,'L','A','SA',NULL,NULL,NULL),(13,'M','A','SA',NULL,NULL,NULL),(14,'N','A','SA',NULL,NULL,NULL),(15,'O','A','SA',NULL,NULL,NULL),(16,'P','A','SA',NULL,NULL,NULL),(17,'Q','A','SA',NULL,NULL,NULL),(18,'R','A','SA',NULL,NULL,NULL),(19,'S','A','SA',NULL,NULL,NULL),(20,'T','A','SA',NULL,NULL,NULL);
/*!40000 ALTER TABLE `paralelo` ENABLE KEYS */;
UNLOCK TABLES;

--
-- Table structure for table `periodoacademico`
--

DROP TABLE IF EXISTS `periodoacademico`;
/*!40101 SET @saved_cs_client     = @@character_set_client */;
/*!40101 SET character_set_client = utf8 */;
CREATE TABLE `periodoacademico` (
  `IdPeriodoAcademico` int(11) NOT NULL AUTO_INCREMENT,
  `NombrePeriodoAcademico` varchar(45) DEFAULT NULL,
  `EstadoPeriodoAcademico` char(1) DEFAULT NULL,
  `UsuarioGraba` varchar(45) DEFAULT NULL,
  `FechaGraba` datetime DEFAULT NULL,
  `UsuarioModifica` varchar(45) DEFAULT NULL,
  `FechaModifica` datetime DEFAULT NULL,
  PRIMARY KEY (`IdPeriodoAcademico`)
) ENGINE=InnoDB AUTO_INCREMENT=7 DEFAULT CHARSET=utf8;
/*!40101 SET character_set_client = @saved_cs_client */;

--
-- Dumping data for table `periodoacademico`
--

LOCK TABLES `periodoacademico` WRITE;
/*!40000 ALTER TABLE `periodoacademico` DISABLE KEYS */;
INSERT INTO `periodoacademico` VALUES (1,'PRIMERO','A','SA','2016-09-13 12:27:23',NULL,'2016-09-13 12:27:23'),(2,'SEGUNDO','A','SA','2016-09-13 12:27:23',NULL,'2016-09-13 12:27:23'),(3,'TERCERO','A','SA','2016-09-13 12:27:23',NULL,'2016-09-13 12:27:23'),(4,'CUARTO','A','SA','2016-09-13 12:27:23',NULL,'2016-09-13 12:27:23'),(5,'QUINTO','A','SA','2016-09-13 12:27:23',NULL,'2016-09-13 12:27:23'),(6,'SEXTO','A','SA','2016-09-13 12:27:23',NULL,'2016-09-13 12:27:23');
/*!40000 ALTER TABLE `periodoacademico` ENABLE KEYS */;
UNLOCK TABLES;

--
-- Table structure for table `periodolectivo`
--

DROP TABLE IF EXISTS `periodolectivo`;
/*!40101 SET @saved_cs_client     = @@character_set_client */;
/*!40101 SET character_set_client = utf8 */;
CREATE TABLE `periodolectivo` (
  `IdPeriodoLectivo` int(11) NOT NULL AUTO_INCREMENT,
  `DescripPeriodoLect` varchar(200) DEFAULT NULL,
  `EstadoPeriodoLectivo` char(1) DEFAULT NULL,
  `UsuarioGraba` varchar(45) DEFAULT NULL,
  `FechaGraba` datetime DEFAULT NULL,
  `UsuarioModifica` varchar(45) DEFAULT NULL,
  `FechaModifica` datetime DEFAULT NULL,
  `FechaInicioActPrepa` date DEFAULT NULL,
  `FechaInicioPreMatric` date DEFAULT NULL,
  `FechaFinPreMatric` date DEFAULT NULL,
  `FechaInicioMatricOrd` date DEFAULT NULL,
  `FechaFinMatricOrd` date DEFAULT NULL,
  `FechaInicioMatricExtra` date DEFAULT NULL,
  `FechaFinMatricExtra` date DEFAULT NULL,
  `FechaInicioMatricEspec` date DEFAULT NULL,
  `FechaFinMatricEspec` date DEFAULT NULL,
  `FechaFinActPrepa` date DEFAULT NULL,
  `FechaIncioPeriodAcad` date DEFAULT NULL,
  `FechaFinCarTecPresencial` date DEFAULT NULL,
  `FechaFinCarTecDual` date DEFAULT NULL,
  `FechaFinCarTecnologPresen` date DEFAULT NULL,
  `FechaFinPeriodAcad` date DEFAULT NULL,
  PRIMARY KEY (`IdPeriodoLectivo`)
) ENGINE=InnoDB AUTO_INCREMENT=29 DEFAULT CHARSET=utf8;
/*!40101 SET character_set_client = @saved_cs_client */;

--
-- Dumping data for table `periodolectivo`
--

LOCK TABLES `periodolectivo` WRITE;
/*!40000 ALTER TABLE `periodolectivo` DISABLE KEYS */;
INSERT INTO `periodolectivo` VALUES (1,'I TERMINO 2016-2017','I','SA',NULL,'SA','2017-10-16 08:51:04',NULL,NULL,NULL,NULL,NULL,NULL,NULL,NULL,NULL,NULL,NULL,NULL,NULL,NULL,NULL),(2,'II TERMINO 2016-2017','I','SA',NULL,'SA','2018-07-25 14:39:03',NULL,NULL,NULL,NULL,NULL,NULL,NULL,NULL,NULL,NULL,NULL,NULL,NULL,NULL,NULL),(3,'II TERMINO 2015-2016','I','SA',NULL,'SA','2018-01-20 11:24:09',NULL,NULL,NULL,NULL,NULL,NULL,NULL,NULL,NULL,NULL,NULL,NULL,NULL,NULL,NULL),(4,'I TERMINO 2015-2016','I','SA',NULL,'SA','2018-01-20 11:24:02',NULL,NULL,NULL,NULL,NULL,NULL,NULL,NULL,NULL,NULL,NULL,NULL,NULL,NULL,NULL),(9,'I TERMINO 2014-2015','I','SA',NULL,'SA','2017-10-16 08:50:37',NULL,NULL,NULL,NULL,NULL,NULL,NULL,NULL,NULL,NULL,NULL,NULL,NULL,NULL,NULL),(10,'I PERIODO ACADÉMICO 2017-2018','I','GCHAVEZA','2017-01-04 13:04:46','SA','2018-07-25 14:38:05',NULL,NULL,NULL,NULL,NULL,NULL,NULL,NULL,NULL,NULL,NULL,NULL,NULL,NULL,NULL),(11,'II TERMINO 2014-2015','I','JCASALR','2017-03-21 08:54:59','SA','2017-10-16 08:50:22',NULL,NULL,NULL,NULL,NULL,NULL,NULL,NULL,NULL,NULL,NULL,NULL,NULL,NULL,NULL),(12,'II PERIODO ACADÉMICO 2017-2018','I','WSUAREZU','2017-10-05 16:29:47','SA','2018-07-31 12:44:50',NULL,NULL,NULL,NULL,NULL,NULL,NULL,NULL,NULL,NULL,NULL,NULL,NULL,NULL,NULL),(13,'I PERIODO ACADÉMICO 2018-2019','I','SA','2017-12-29 09:56:49','SA','2018-10-09 09:22:56','2018-10-01','2018-10-03','2018-10-04','2018-10-05','2018-10-06','2018-10-07','2018-10-08','2018-10-09','2018-10-10','2018-10-02','2018-10-11','2019-03-10','2019-03-10','2019-03-10','2019-03-12'),(14,'II PERIODO ACADEMICO 2017 2018 M','I','SA','2018-04-13 11:03:36','SA','2018-05-04 13:54:51',NULL,NULL,NULL,NULL,NULL,NULL,NULL,NULL,NULL,NULL,NULL,NULL,NULL,NULL,NULL),(15,'MODULO INGLES II PERIODO ACADÉMICO 2017 2018','I','SA','2018-05-11 10:58:20','SA','2018-08-13 18:06:17',NULL,NULL,NULL,NULL,NULL,NULL,NULL,NULL,NULL,NULL,NULL,NULL,NULL,NULL,NULL),(19,'II PERIODO ACADÉMICO 2018 2019','I','SA','2018-10-01 09:55:19','SA','2018-10-09 08:40:18','2018-10-01','2018-10-04','2018-10-05','2018-10-08','2018-10-20','2018-10-22','2018-10-31','2018-11-05','2018-11-10','2018-10-03','2018-11-12','2019-03-29','2019-03-29','2019-03-29','2019-04-26'),(20,'I PERIODO ACADÉMICO 2017 2018 MODULAR','I','SA','2018-10-14 20:19:56',NULL,NULL,'2018-10-14','2018-10-16','2018-10-17','2018-10-18','2018-10-19','2018-10-20','2018-10-21','2018-10-22','2018-10-23','2018-10-15','2018-10-24','2018-10-25','2018-10-26','2018-10-27','2018-10-30'),(21,'I PERIODO ACADÉMICO 2018 2019 MODULAR','I','SA','2018-11-19 00:00:00',NULL,NULL,NULL,NULL,NULL,NULL,NULL,NULL,NULL,NULL,NULL,NULL,NULL,NULL,NULL,NULL,NULL),(22,'I PERIODO ACADÉMICO 2019 - 2020','I','SA',NULL,NULL,NULL,NULL,NULL,NULL,NULL,NULL,NULL,NULL,NULL,NULL,NULL,NULL,NULL,NULL,NULL,NULL),(23,'MODULO INGLES I PERIODO ACADÉMICO 2018 2019','I','SA','2019-05-22 00:00:00',NULL,NULL,NULL,NULL,NULL,NULL,NULL,NULL,NULL,NULL,NULL,NULL,NULL,NULL,NULL,NULL,NULL),(24,'MODULO INGLES II PERIODO ACADÉMICO 2018 2019 NOV-FEB 1','I','SA','2019-05-22 00:00:00',NULL,NULL,NULL,NULL,NULL,NULL,NULL,NULL,NULL,NULL,NULL,NULL,NULL,NULL,NULL,NULL,NULL),(25,'MODULO INGLES II PERIODO ACADÉMICO 2018 2019 FEB-ABR 2','I','SA','2019-05-22 00:00:00',NULL,NULL,NULL,NULL,NULL,NULL,NULL,NULL,NULL,NULL,NULL,NULL,NULL,NULL,NULL,NULL,NULL),(26,'II PERIODO ACADÉMICO 2018 2019 MODULAR','I','SA','2019-07-01 00:00:00',NULL,NULL,NULL,NULL,NULL,NULL,NULL,NULL,NULL,NULL,NULL,NULL,NULL,NULL,NULL,NULL,NULL),(27,'II PERIODO ACADÉMICO 2019 - 2020','A','SA','2019-10-28 00:00:00',NULL,NULL,NULL,NULL,NULL,NULL,NULL,NULL,NULL,NULL,NULL,NULL,NULL,NULL,NULL,NULL,NULL),(28,'I PERIODO ACADÉMICO 2019 2020 MODULAR','I','SA','2019-08-12 00:00:00',NULL,NULL,NULL,NULL,NULL,NULL,NULL,NULL,NULL,NULL,NULL,NULL,NULL,NULL,NULL,NULL,NULL);
/*!40000 ALTER TABLE `periodolectivo` ENABLE KEYS */;
UNLOCK TABLES;

--
-- Table structure for table `personal`
--

DROP TABLE IF EXISTS `personal`;
/*!40101 SET @saved_cs_client     = @@character_set_client */;
/*!40101 SET character_set_client = utf8 */;
CREATE TABLE `personal` (
  `IdPersonal` int(11) NOT NULL AUTO_INCREMENT,
  `CedulaPersonal` char(20) DEFAULT NULL,
  `ApellidosPersonal` varchar(65) DEFAULT NULL,
  `NombresPersonal` varchar(65) DEFAULT NULL,
  `TelefonoPersonal` varchar(15) DEFAULT NULL,
  `CelularPersonal` varchar(15) DEFAULT NULL,
  `CorreoPersonal` varchar(65) DEFAULT NULL,
  `Correo2Personal` varchar(65) DEFAULT NULL,
  `CorreoInstitPersonal` varchar(65) DEFAULT NULL,
  `FechaNacimientoPersonal` date DEFAULT NULL,
  `IdTipoSangrePersonal` int(11) DEFAULT NULL,
  `IdEstadoCivil` int(11) DEFAULT NULL,
  `IdCanton` int(11) DEFAULT NULL,
  `IdEtnia` int(11) DEFAULT NULL,
  `EstadoPersonal` char(1) DEFAULT NULL,
  `UsuarioGraba` varchar(45) DEFAULT NULL,
  `FechaGraba` datetime DEFAULT NULL,
  `UsuarioModifica` varchar(45) DEFAULT NULL,
  `FechaModifica` datetime DEFAULT NULL,
  `CodigoInstituto` int(11) DEFAULT NULL,
  `TipoDocumento` int(2) DEFAULT NULL,
  `ApellidosPersonal2` varchar(65) DEFAULT NULL,
  `NombresPersonal2` varchar(65) DEFAULT NULL,
  `sexoPersonal` int(2) DEFAULT NULL,
  `idpueblo_nacionalidad` int(11) DEFAULT NULL,
  `TieneDiscapcitadadPer` int(1) DEFAULT NULL,
  `PorcentajeDiscapacidadPer` int(3) DEFAULT NULL,
  `CarnetDiscapacidad` int(10) DEFAULT NULL,
  `idDiscapacidad` int(11) DEFAULT NULL,
  `idtipoenfermedadcatastrofica` int(11) DEFAULT NULL,
  `idProvincia` int(11) DEFAULT NULL,
  `idPais` int(11) DEFAULT NULL,
  `CallePrincipal` varchar(65) DEFAULT NULL,
  `NumeroCasa` varchar(10) DEFAULT NULL,
  `CalleSecundaria` varchar(65) DEFAULT NULL,
  `CodigoPostal` int(11) DEFAULT NULL,
  `IdProvinciaSufraga` int(11) DEFAULT NULL,
  `GeneroPersonal` int(2) DEFAULT NULL,
  `NacionalidadPersonal` varchar(65) DEFAULT NULL,
  `CoordinadorCarrera` char(5) DEFAULT NULL,
  `idCoordinadorCarrera` int(11) DEFAULT NULL,
  PRIMARY KEY (`IdPersonal`)
) ENGINE=InnoDB AUTO_INCREMENT=175 DEFAULT CHARSET=utf8;
/*!40101 SET character_set_client = @saved_cs_client */;

--
-- Dumping data for table `personal`
--

LOCK TABLES `personal` WRITE;
/*!40000 ALTER TABLE `personal` DISABLE KEYS */;
INSERT INTO `personal` VALUES (1,'0926028978','Alban Defilippi','Maria Teresa','123255','222155','marytete_22@hotmail.com','','','2017-07-04',1,1,75,32,'A','SA','2016-09-13 13:38:14','SENESCYT','2018-07-03 09:52:07',2118,NULL,NULL,NULL,NULL,NULL,NULL,NULL,NULL,NULL,NULL,NULL,NULL,NULL,NULL,NULL,NULL,NULL,NULL,NULL,'N',NULL),(2,'0914277165','Alcivar Macias','José Luis ','123465','12325','joseluisalcivar_1971@hotmail.com','','','2017-07-11',1,1,80,1,'A','SA','2016-09-13 13:38:14','SA','2017-07-28 14:55:59',2118,NULL,NULL,NULL,NULL,NULL,NULL,NULL,NULL,NULL,NULL,NULL,NULL,NULL,NULL,NULL,NULL,NULL,NULL,NULL,'N',NULL),(3,'0922091269','Alvarado Fiallo','Soraya Francisca',NULL,'','lupy_22_sory@hotmail.es',NULL,NULL,'0000-00-00',1,1,1,1,'A','SA','2016-09-13 13:38:14',NULL,'2016-09-13 13:38:14',2118,NULL,NULL,NULL,NULL,NULL,NULL,NULL,NULL,NULL,NULL,NULL,NULL,NULL,NULL,NULL,NULL,NULL,NULL,NULL,'N',NULL),(4,'0928672674','Alvarado Quinto','Jennifer Lilibeth','044506426','0969455372','jenniferalvaradoquinto@gmail.com','jeny_quinto05@hotmail.es','','1992-02-05',1,1,80,1,'A','SA','2016-09-13 13:38:14','SA','2017-07-28 20:11:28',2118,NULL,NULL,NULL,NULL,NULL,NULL,NULL,NULL,NULL,NULL,NULL,NULL,NULL,NULL,NULL,NULL,NULL,NULL,NULL,'N',NULL),(5,'0914847736','Andrade Rendon','Marlon Geovanny',NULL,'','nolramar@hotmail.com',NULL,NULL,'0000-00-00',1,1,1,1,'A','SA','2016-09-13 13:38:14',NULL,'2016-09-13 13:38:14',2118,NULL,NULL,NULL,NULL,NULL,NULL,NULL,NULL,NULL,NULL,NULL,NULL,NULL,NULL,NULL,NULL,NULL,NULL,NULL,'N',NULL),(6,'1717891251','Apolo Robles','Darwin Vicente',NULL,'','dar_apolo@hotmail.com',NULL,NULL,'0000-00-00',1,1,1,1,'A','SA','2016-09-13 13:38:14',NULL,'2016-09-13 13:38:14',2118,NULL,NULL,NULL,NULL,NULL,NULL,NULL,NULL,NULL,NULL,NULL,NULL,NULL,NULL,NULL,NULL,NULL,NULL,NULL,'N',NULL),(7,'0917069775','Aroca Fajardo','Romina Lizeth',NULL,'','ralf86@hotmail.es',NULL,NULL,'0000-00-00',1,1,1,1,'A','SA','2016-09-13 13:38:14',NULL,'2016-09-13 13:38:14',2118,NULL,NULL,NULL,NULL,NULL,NULL,NULL,NULL,NULL,NULL,NULL,NULL,NULL,NULL,NULL,NULL,NULL,NULL,NULL,'N',NULL),(8,'1717147498','Balseca Cordova','Mari­a Clemencia','222222','5555555','mbalseca_9@hotmail.com','','','2017-07-05',1,1,80,32,'A','SA','2016-09-13 13:38:14','SA','2017-07-28 14:57:10',2118,NULL,NULL,NULL,NULL,NULL,NULL,NULL,NULL,NULL,NULL,NULL,NULL,NULL,NULL,NULL,NULL,NULL,NULL,NULL,'N',NULL),(9,'0922516927','Barzola Iza','Carlos Armando','5109282','0991188455','cbarzola@espol.edu.ec','itsjba.carlos.barzola@gmail.com','analisis-sistemas@itsjba.edu.ec','1982-10-30',1,1,75,32,'A','SA','2016-09-13 13:38:14','SA','2017-10-04 17:12:13',2118,NULL,NULL,NULL,NULL,NULL,NULL,NULL,NULL,NULL,NULL,NULL,NULL,NULL,NULL,NULL,NULL,NULL,NULL,NULL,'S',12),(10,'0924563174','Bayona Moncayo','Karol Gabriel',NULL,'','karolgabrielbayonamoncayo@gmail.com',NULL,NULL,'0000-00-00',1,1,1,1,'A','SA','2016-09-13 13:38:14',NULL,'2016-09-13 13:38:14',2118,NULL,NULL,NULL,NULL,NULL,NULL,NULL,NULL,NULL,NULL,NULL,NULL,NULL,NULL,NULL,NULL,NULL,NULL,NULL,'N',NULL),(11,'0928674423','Bodero Jimenez','Keyla Ximena','5555','555555','keylaboderoj@gmail.com','','','2017-07-04',1,1,80,1,'A','SA','2016-09-13 13:38:14','SA','2017-07-28 14:58:14',2118,NULL,NULL,NULL,NULL,NULL,NULL,NULL,NULL,NULL,NULL,NULL,NULL,NULL,NULL,NULL,NULL,NULL,NULL,NULL,'S',10),(12,'0916601966','Briones Burgos','Fanny Elena',NULL,'','febrionesb@yahoo.es',NULL,NULL,'0000-00-00',1,1,1,1,'A','SA','2016-09-13 13:38:14',NULL,'2016-09-13 13:38:14',2118,NULL,NULL,NULL,NULL,NULL,NULL,NULL,NULL,NULL,NULL,NULL,NULL,NULL,NULL,NULL,NULL,NULL,NULL,NULL,'N',NULL),(13,'0917413254','Carpio Castro','Cristhiam Armando',NULL,'','crisarcar@hotmail.com',NULL,NULL,'0000-00-00',1,1,1,1,'A','SA','2016-09-13 13:38:14',NULL,'2016-09-13 13:38:14',2118,NULL,NULL,NULL,NULL,NULL,NULL,NULL,NULL,NULL,NULL,NULL,NULL,NULL,NULL,NULL,NULL,NULL,NULL,NULL,'N',NULL),(14,'1206234807','Casal Rodriguez','Jean Pierre',NULL,'','jean.pierrecr@hotmail.com',NULL,NULL,'0000-00-00',1,1,1,1,'A','SA','2016-09-13 13:38:14',NULL,'2016-09-13 13:38:14',2118,NULL,NULL,NULL,NULL,NULL,NULL,NULL,NULL,NULL,NULL,NULL,NULL,NULL,NULL,NULL,NULL,NULL,NULL,NULL,'N',NULL),(15,'0923294334','Casanova Izaguirre','Ricardo Andres',NULL,'','rcasanovaiz@hotmail.com',NULL,NULL,'0000-00-00',1,1,1,1,'A','SA','2016-09-13 13:38:14',NULL,'2016-09-13 13:38:14',2118,NULL,NULL,NULL,NULL,NULL,NULL,NULL,NULL,NULL,NULL,NULL,NULL,NULL,NULL,NULL,NULL,NULL,NULL,NULL,'N',NULL),(16,'0930559703','Castro Hidalgo','Mariela Andrea',NULL,'','marielach_15@hotmail.com',NULL,NULL,'0000-00-00',1,1,1,1,'A','SA','2016-09-13 13:38:14',NULL,'2016-09-13 13:38:14',2118,NULL,NULL,NULL,NULL,NULL,NULL,NULL,NULL,NULL,NULL,NULL,NULL,NULL,NULL,NULL,NULL,NULL,NULL,NULL,'N',NULL),(17,'0927423335','Chávez Naranjo','María de los Ángeles',NULL,'','mary_angel90@hotmail.com',NULL,NULL,'0000-00-00',1,1,1,1,'A','SA','2016-09-13 13:38:14',NULL,'2016-09-13 13:38:14',2118,NULL,NULL,NULL,NULL,NULL,NULL,NULL,NULL,NULL,NULL,NULL,NULL,NULL,NULL,NULL,NULL,NULL,NULL,NULL,'N',NULL),(18,'1715282396','Chicaiza de la Cruz','Omar David',NULL,'','cheomada@yahoo.com',NULL,NULL,'0000-00-00',1,1,1,1,'A','SA','2016-09-13 13:38:14',NULL,'2016-09-13 13:38:14',2118,NULL,NULL,NULL,NULL,NULL,NULL,NULL,NULL,NULL,NULL,NULL,NULL,NULL,NULL,NULL,NULL,NULL,NULL,NULL,'N',NULL),(19,'0703858605','Coronel Leòn','Jonathan Ricardo',NULL,'','jonaco_08@hotmail.com ',NULL,NULL,'0000-00-00',1,1,1,1,'A','SA','2016-09-13 13:38:14',NULL,'2016-09-13 13:38:14',2118,NULL,NULL,NULL,NULL,NULL,NULL,NULL,NULL,NULL,NULL,NULL,NULL,NULL,NULL,NULL,NULL,NULL,NULL,NULL,'N',NULL),(20,'0922241229','Correa Pachay','Gabriela Msc.',NULL,'','yulianacp1983@hotmail.com',NULL,NULL,'0000-00-00',1,1,1,1,'A','SA','2016-09-13 13:38:14',NULL,'2016-09-13 13:38:14',2118,NULL,NULL,NULL,NULL,NULL,NULL,NULL,NULL,NULL,NULL,NULL,NULL,NULL,NULL,NULL,NULL,NULL,NULL,NULL,'N',NULL),(21,'0912671690','Cortez Vargas ','Marlene Jacqueline',NULL,'','marlene_jaqueline@hotmail.com',NULL,NULL,'0000-00-00',1,1,1,1,'A','SA','2016-09-13 13:38:14',NULL,'2016-09-13 13:38:14',2118,NULL,NULL,NULL,NULL,NULL,NULL,NULL,NULL,NULL,NULL,NULL,NULL,NULL,NULL,NULL,NULL,NULL,NULL,NULL,'N',NULL),(22,'0922879721','Dominguez Ramos','Fernando Gadiel','042971919','0993899571','chiferdo@gmail.com','chiferdo@hotmail.com','tic@itsjba.edu.ec','1987-09-06',3,1,84,32,'A','SA','2016-09-13 13:38:14','SA','2018-03-17 13:35:12',2118,NULL,NULL,NULL,NULL,NULL,NULL,NULL,NULL,NULL,NULL,NULL,NULL,NULL,NULL,NULL,NULL,NULL,NULL,NULL,'N',NULL),(23,'0920164308','Duarte Morante','Pedro Luis',NULL,'','pedrito_stg@hotmail.com',NULL,NULL,'0000-00-00',1,1,1,1,'A','SA','2016-09-13 13:38:14',NULL,'2016-09-13 13:38:14',2118,NULL,NULL,NULL,NULL,NULL,NULL,NULL,NULL,NULL,NULL,NULL,NULL,NULL,NULL,NULL,NULL,NULL,NULL,NULL,'S',13),(24,'0915989396','Echeverria Maggi','Petter Darwin',NULL,'','darwin75-17@hotmail.com',NULL,NULL,'0000-00-00',1,1,1,1,'A','SA','2016-09-13 13:38:14',NULL,'2016-09-13 13:38:14',2118,NULL,NULL,NULL,NULL,NULL,NULL,NULL,NULL,NULL,NULL,NULL,NULL,NULL,NULL,NULL,NULL,NULL,NULL,NULL,'N',NULL),(25,'0922491329','Eguez Caviedes','Evelyn Carolina',NULL,'','evelyn.eguez@hotmail.com',NULL,NULL,'0000-00-00',1,1,1,1,'A','SA','2016-09-13 13:38:14',NULL,'2016-09-13 13:38:14',2118,NULL,NULL,NULL,NULL,NULL,NULL,NULL,NULL,NULL,NULL,NULL,NULL,NULL,NULL,NULL,NULL,NULL,NULL,NULL,'S',15),(26,'0927134189','Fajardo Campaña','Catherine ','55','55','cathy_fajardoc@hotmail.com','','','2017-07-04',1,1,80,1,'A','SA','2016-09-13 13:38:14','SA','2017-07-28 14:59:24',2118,NULL,NULL,NULL,NULL,NULL,NULL,NULL,NULL,NULL,NULL,NULL,NULL,NULL,NULL,NULL,NULL,NULL,NULL,NULL,'N',1692),(27,'1206439612','Flores Bazurto','Evelyn Ing.',NULL,'','eefb_1389@hotmail.com',NULL,NULL,'0000-00-00',1,1,1,1,'A','SA','2016-09-13 13:38:14',NULL,'2016-09-13 13:38:14',2118,NULL,NULL,NULL,NULL,NULL,NULL,NULL,NULL,NULL,NULL,NULL,NULL,NULL,NULL,NULL,NULL,NULL,NULL,NULL,'N',NULL),(28,'0921962759','Gonzalez Leon','Jessenia Vanessa','123467','258755','jessy-2215@hotmail.es','','','2017-07-11',1,1,80,32,'A','SA','2016-09-13 13:38:14','SA','2017-07-28 14:53:38',2118,NULL,NULL,NULL,NULL,NULL,NULL,NULL,NULL,NULL,NULL,NULL,NULL,NULL,NULL,NULL,NULL,NULL,NULL,NULL,'N',NULL),(29,'0914972955','Gutierrez Chiquito','Christian Marino',NULL,'','rrhh.cgutierrez@gmail.com',NULL,NULL,'0000-00-00',1,1,1,1,'A','SA','2016-09-13 13:38:14',NULL,'2016-09-13 13:38:14',2118,NULL,NULL,NULL,NULL,NULL,NULL,NULL,NULL,NULL,NULL,NULL,NULL,NULL,NULL,NULL,NULL,NULL,NULL,NULL,'N',NULL),(30,'0924671704','Hernandez Leon','Antony Alexanders','0982051482','0982051482','antony.hernandez@outlook.com','antony.hernandezl04@gmail.com','desarrollo-software@itsjba.edu.ec','1987-08-09',1,1,84,32,'A','SA','2016-09-13 13:38:14','SA','2017-10-04 17:22:41',2118,NULL,NULL,NULL,NULL,NULL,NULL,NULL,NULL,NULL,NULL,NULL,NULL,NULL,NULL,NULL,NULL,NULL,NULL,NULL,'S',0),(31,'0924084668','Herrera Martinez','Silvania Gabriela',NULL,'','vaniahm2302@hotmail.com',NULL,NULL,'0000-00-00',1,1,1,1,'A','SA','2016-09-13 13:38:14',NULL,'2016-09-13 13:38:14',2118,NULL,NULL,NULL,NULL,NULL,NULL,NULL,NULL,NULL,NULL,NULL,NULL,NULL,NULL,NULL,NULL,NULL,NULL,NULL,'N',NULL),(32,'0920030962','Huayamave Rosado','Angel Raul','','0993823366','angelhuayamave10@hotmail.com','raulhuayamave10@gmail.com','ahuayamave@institutos.gob.ec','1981-08-10',1,1,80,7,'A','SA','2016-09-13 13:38:14','AHUAYAMABER','2018-09-19 09:58:46',2118,NULL,NULL,NULL,NULL,NULL,NULL,NULL,NULL,NULL,NULL,NULL,NULL,NULL,NULL,NULL,NULL,NULL,NULL,NULL,'N',NULL),(33,'1719777730','Jaramillo Gaona','Betty Lorena',NULL,'','lori_jaramillo@hotmail.es',NULL,NULL,'0000-00-00',1,1,1,1,'A','SA','2016-09-13 13:38:14',NULL,'2016-09-13 13:38:14',2118,NULL,NULL,NULL,NULL,NULL,NULL,NULL,NULL,NULL,NULL,NULL,NULL,NULL,NULL,NULL,NULL,NULL,NULL,NULL,'N',NULL),(34,'0923367684','Leon Borja','Manuel Mesias',NULL,'','manuel_leon1988@hotmail.com',NULL,NULL,'0000-00-00',1,1,1,1,'A','SA','2016-09-13 13:38:14',NULL,'2016-09-13 13:38:14',2118,NULL,NULL,NULL,NULL,NULL,NULL,NULL,NULL,NULL,NULL,NULL,NULL,NULL,NULL,NULL,NULL,NULL,NULL,NULL,'N',NULL),(35,'1803326774','Lozada Vadez','Amanda Yolanda',NULL,'','ami.yolv@gmail.com',NULL,NULL,'0000-00-00',1,1,1,1,'A','SA','2016-09-13 13:38:14',NULL,'2016-09-13 13:38:14',2118,NULL,NULL,NULL,NULL,NULL,NULL,NULL,NULL,NULL,NULL,NULL,NULL,NULL,NULL,NULL,NULL,NULL,NULL,NULL,'N',NULL),(36,'0913216826','Martillo Alcivar','Meibor Lily',NULL,'','meiborm@yahoo.com',NULL,NULL,'0000-00-00',1,1,1,1,'A','SA','2016-09-13 13:38:14',NULL,'2016-09-13 13:38:14',2118,NULL,NULL,NULL,NULL,NULL,NULL,NULL,NULL,NULL,NULL,NULL,NULL,NULL,NULL,NULL,NULL,NULL,NULL,NULL,'N',NULL),(37,'0925340267','Mendez Mantuano','Marcel Oswaldo',NULL,'','marcelxc6768@hotmail.com',NULL,NULL,'0000-00-00',1,1,1,1,'A','SA','2016-09-13 13:38:14',NULL,'2016-09-13 13:38:14',2118,NULL,NULL,NULL,NULL,NULL,NULL,NULL,NULL,NULL,NULL,NULL,NULL,NULL,NULL,NULL,NULL,NULL,NULL,NULL,'N',NULL),(38,'0923367767','Mendoza Pin','Stalin Abraham','12346578','1245555','stmendozap@outlook.es','stmendozap@outlook.es','stalin.mendoza@itsjba.edu.ec','2017-10-02',1,1,1,1,'A','SA','2016-09-13 13:38:14','SA','2017-10-02 10:22:23',2118,NULL,NULL,NULL,NULL,NULL,NULL,NULL,NULL,NULL,NULL,NULL,NULL,NULL,NULL,NULL,NULL,NULL,NULL,NULL,'N',NULL),(39,'0922493341','Moncayo Pacheco','Alberto Alain ',NULL,'','aamoncayop86@gmail.com',NULL,NULL,'0000-00-00',1,1,1,1,'A','SA','2016-09-13 13:38:14',NULL,'2016-09-13 13:38:14',2118,NULL,NULL,NULL,NULL,NULL,NULL,NULL,NULL,NULL,NULL,NULL,NULL,NULL,NULL,NULL,NULL,NULL,NULL,NULL,'N',NULL),(40,'9118131673','Morán Vera','Erwin Santiago',NULL,'','erwinmoran1@outlook.es',NULL,NULL,'0000-00-00',1,1,1,1,'A','SA','2016-09-13 13:38:14',NULL,'2016-09-13 13:38:14',2118,NULL,NULL,NULL,NULL,NULL,NULL,NULL,NULL,NULL,NULL,NULL,NULL,NULL,NULL,NULL,NULL,NULL,NULL,NULL,'N',NULL),(41,'0705065266','Morocho Valarezo','Karem Mariuxi',NULL,'','karemmorochovalarezo@outlook.com',NULL,NULL,'0000-00-00',1,1,1,1,'A','SA','2016-09-13 13:38:14',NULL,'2016-09-13 13:38:14',2118,NULL,NULL,NULL,NULL,NULL,NULL,NULL,NULL,NULL,NULL,NULL,NULL,NULL,NULL,NULL,NULL,NULL,NULL,NULL,'N',NULL),(42,'0912930260','Mosquera Romero','Andres Fernando','042795388','0993827193','amosquer1986@hotmail.com','amosquer1986@hotmail.com','amosquer1986@hotmail.com','1986-05-14',1,1,80,32,'A','SA','2016-09-13 13:38:14','AMOSQUERAR','2019-10-09 16:06:18',2118,1,'','',1,0,2,0,0,0,6,9,153,'POMPEYO GARCIA','203','PEDRO MENENDEZ',9019,9,1,'ECUATORIANO','N',NULL),(43,'0920163334','Olvera Moran','Mariuxi Yomaira','','85659988','mariuxi_olvera@hotmail.com','','','2017-07-13',1,1,1,1,'A','SA','2016-09-13 13:38:14','SA','2017-07-28 13:04:47',2118,NULL,NULL,NULL,NULL,NULL,NULL,NULL,NULL,NULL,NULL,NULL,NULL,NULL,NULL,NULL,NULL,NULL,NULL,NULL,'N',NULL),(44,'0915256903','Parrales Cedeño','German Vicente',NULL,'','gpc_33@hotmail.com',NULL,NULL,'0000-00-00',1,1,1,1,'A','SA','2016-09-13 13:38:14',NULL,'2016-09-13 13:38:14',2118,NULL,NULL,NULL,NULL,NULL,NULL,NULL,NULL,NULL,NULL,NULL,NULL,NULL,NULL,NULL,NULL,NULL,NULL,NULL,'N',NULL),(45,'0959104975','Peralta Mosquera','Ruben Augusto',NULL,'','ruperalta@outlook.es',NULL,NULL,'0000-00-00',1,1,1,1,'A','SA','2016-09-13 13:38:14',NULL,'2016-09-13 13:38:14',2118,NULL,NULL,NULL,NULL,NULL,NULL,NULL,NULL,NULL,NULL,NULL,NULL,NULL,NULL,NULL,NULL,NULL,NULL,NULL,'N',NULL),(46,'1204681371','Pinargote Junco','Evelin Edda',NULL,'','evelinpjunco81@gmail.com',NULL,NULL,'0000-00-00',1,1,1,1,'A','SA','2016-09-13 13:38:14',NULL,'2016-09-13 13:38:14',2118,NULL,NULL,NULL,NULL,NULL,NULL,NULL,NULL,NULL,NULL,NULL,NULL,NULL,NULL,NULL,NULL,NULL,NULL,NULL,'N',NULL),(47,'0918737438','Pinos Ortega','HectorAlejandro',NULL,'','hectorproduccion284@gmail.com',NULL,NULL,'0000-00-00',1,1,1,1,'A','SA','2016-09-13 13:38:14',NULL,'2016-09-13 13:38:14',2118,NULL,NULL,NULL,NULL,NULL,NULL,NULL,NULL,NULL,NULL,NULL,NULL,NULL,NULL,NULL,NULL,NULL,NULL,NULL,'N',NULL),(48,'0920521465','Plaza Quizhpi','Jorge Christian','251371','0996622089','christiannan23@hotmail.com','christian070110@hotmail.com','administracion-empresas@itsjba.edu.ec','1981-03-24',1,2,75,32,'A','SA','2016-09-13 13:38:14','SA','2017-10-04 17:17:58',2118,NULL,NULL,NULL,NULL,NULL,NULL,NULL,NULL,NULL,NULL,NULL,NULL,NULL,NULL,NULL,NULL,NULL,NULL,NULL,'S',11),(49,'0919094052','Plua Merchan','Rosa Lilia',NULL,'','lfrosapluam@gmail.com',NULL,NULL,'0000-00-00',1,1,1,1,'A','SA','2016-09-13 13:38:14',NULL,'2016-09-13 13:38:14',2118,NULL,NULL,NULL,NULL,NULL,NULL,NULL,NULL,NULL,NULL,NULL,NULL,NULL,NULL,NULL,NULL,NULL,NULL,NULL,'S',16),(50,'0914601794','Rosales Ramirez','Manfred Emilio',NULL,'','mrosales_2386@hotmail.com',NULL,NULL,'0000-00-00',1,1,1,1,'A','SA','2016-09-13 13:38:14',NULL,'2016-09-13 13:38:14',2118,NULL,NULL,NULL,NULL,NULL,NULL,NULL,NULL,NULL,NULL,NULL,NULL,NULL,NULL,NULL,NULL,NULL,NULL,NULL,'N',NULL),(51,'0917525404','Ruiz Carcelen','Giovanny Francisco','123','2133','abogado.giovannyruiz@hotmail.com','abogado.giovannyruiz@hotmail.com','abogado.giovannyruiz@hotmail.com','1987-02-01',1,1,75,1,'A','SA','2016-09-13 13:38:14','SA','2018-02-26 14:46:59',2118,NULL,NULL,NULL,NULL,NULL,NULL,NULL,NULL,NULL,NULL,NULL,NULL,NULL,NULL,NULL,NULL,NULL,NULL,NULL,'N',NULL),(52,'1205870163','Sabando Parraga','Marjorie Celinda ','0000000000','0000000000','margy.82@hotmail.com','','','2017-04-28',1,1,1,1,'A','SA','2016-09-13 13:38:14','WSUAREZU','2017-04-28 14:31:59',2118,NULL,NULL,NULL,NULL,NULL,NULL,NULL,NULL,NULL,NULL,NULL,NULL,NULL,NULL,NULL,NULL,NULL,NULL,NULL,'N',NULL),(53,'0924818669','Salazar Ronquillo','Lissette Gabriela','2797998','0991251126','lissalaz@yahoo.com','snna@itsjba.edu.ec','snna@itsjba.edu.ec','1987-02-27',1,2,80,32,'A','SA','2016-09-13 13:38:14','SA','2017-10-04 17:19:51',2118,NULL,NULL,NULL,NULL,NULL,NULL,NULL,NULL,NULL,NULL,NULL,NULL,NULL,NULL,NULL,NULL,NULL,NULL,NULL,'N',NULL),(54,'0913029443','Sanchez Baldeon','Mildred Rosalia',NULL,'','msanchez_baldeon@hotmail.com',NULL,NULL,'0000-00-00',1,1,1,1,'A','SA','2016-09-13 13:38:14',NULL,'2016-09-13 13:38:14',2118,NULL,NULL,NULL,NULL,NULL,NULL,NULL,NULL,NULL,NULL,NULL,NULL,NULL,NULL,NULL,NULL,NULL,NULL,NULL,'S',6),(55,'0914968623','Silvers Lozano','Juan Sergio',NULL,'','jsilvers20112011@hotmail.com',NULL,NULL,'0000-00-00',1,1,1,1,'A','SA','2016-09-13 13:38:14',NULL,'2016-09-13 13:38:14',2118,NULL,NULL,NULL,NULL,NULL,NULL,NULL,NULL,NULL,NULL,NULL,NULL,NULL,NULL,NULL,NULL,NULL,NULL,NULL,'N',NULL),(56,'1311152027','Suarez Muños','Steven Andres',NULL,'','zeus2703@gmail.com',NULL,NULL,'0000-00-00',1,1,1,1,'A','SA','2016-09-13 13:38:14',NULL,'2016-09-13 13:38:14',2118,NULL,NULL,NULL,NULL,NULL,NULL,NULL,NULL,NULL,NULL,NULL,NULL,NULL,NULL,NULL,NULL,NULL,NULL,NULL,'N',NULL),(57,'0920371887','Tamayo Miranda','Marco Julio','55','55','marcosofttamayo@gmail.com','marcosofttamayo@gmail.com','marcosofttamayo@gmail.com','2017-05-04',1,1,1,1,'A','SA','2016-09-13 13:38:14','SA','2017-05-04 14:19:24',2118,NULL,NULL,NULL,NULL,NULL,NULL,NULL,NULL,NULL,NULL,NULL,NULL,NULL,NULL,NULL,NULL,NULL,NULL,NULL,'N',NULL),(58,'0922443684','Tobar Litardo','John Enmanuel ','6014452','0993907520','jetobar1@hotmail.com','jetobar1@hotmail.com','contabilidad-bancaria@itsjba.edu.ec','1988-09-23',1,2,81,32,'A','SA','2016-09-13 13:38:14','SA','2017-10-04 17:15:28',2118,NULL,NULL,NULL,NULL,NULL,NULL,NULL,NULL,NULL,NULL,NULL,NULL,NULL,NULL,NULL,NULL,NULL,NULL,NULL,'S',NULL),(59,'0928531037','Torres Alarcón','Fátima Leonela ',NULL,'','econ.flta@yahoo.com',NULL,NULL,'0000-00-00',1,1,1,1,'A','SA','2016-09-13 13:38:14',NULL,'2016-09-13 13:38:14',2118,NULL,NULL,NULL,NULL,NULL,NULL,NULL,NULL,NULL,NULL,NULL,NULL,NULL,NULL,NULL,NULL,NULL,NULL,NULL,'N',NULL),(60,'0916590607','Torres Gallegos','Fausto Xavier',NULL,'','faustrend@hotmail.com',NULL,NULL,'0000-00-00',1,1,1,1,'A','SA','2016-09-13 13:38:14',NULL,'2016-09-13 13:38:14',2118,NULL,NULL,NULL,NULL,NULL,NULL,NULL,NULL,NULL,NULL,NULL,NULL,NULL,NULL,NULL,NULL,NULL,NULL,NULL,'N',NULL),(61,'0918440835','Vinces Pivaque','Mariuxi Piedad ',NULL,'','mariuxivinces@hotmail.com',NULL,NULL,'0000-00-00',1,1,1,1,'A','SA','2016-09-13 13:38:14',NULL,'2016-09-13 13:38:14',2118,NULL,NULL,NULL,NULL,NULL,NULL,NULL,NULL,NULL,NULL,NULL,NULL,NULL,NULL,NULL,NULL,NULL,NULL,NULL,'N',NULL),(62,'0914560842','Viteri Gomez','Rolando Gaston',NULL,'','rolyviteri@yahoo.com',NULL,NULL,'0000-00-00',1,1,1,1,'A','SA','2016-09-13 13:38:14',NULL,'2016-09-13 13:38:14',2118,NULL,NULL,NULL,NULL,NULL,NULL,NULL,NULL,NULL,NULL,NULL,NULL,NULL,NULL,NULL,NULL,NULL,NULL,NULL,'S',5),(63,'0927978981','Chavez Alvarado','Genessis Selene',NULL,'','itsjba.secretaria@gmail.com',NULL,NULL,'0000-00-00',1,1,1,1,'A','SA','2016-09-13 13:38:14',NULL,'2016-10-14 12:37:37',2118,NULL,NULL,NULL,NULL,NULL,NULL,NULL,NULL,NULL,NULL,NULL,NULL,NULL,NULL,NULL,NULL,NULL,NULL,NULL,'N',NULL),(64,'0918454802','Villao Villacres','Alex',NULL,'','itsjba.secretaria@gmail.com',NULL,NULL,'0000-00-00',1,1,1,1,'A','SA',NULL,NULL,NULL,2118,NULL,NULL,NULL,NULL,NULL,NULL,NULL,NULL,NULL,NULL,NULL,NULL,NULL,NULL,NULL,NULL,NULL,NULL,NULL,'N',NULL),(65,'0921773610','Herrera Bobadilla','Christian Richard','0999742215','0999742215','christian_2331140@hotmail.com','','','1983-11-05',1,2,75,32,'A','SA',NULL,'CHERRERAB','2017-04-18 09:32:06',2118,NULL,NULL,NULL,NULL,NULL,NULL,NULL,NULL,NULL,NULL,NULL,NULL,NULL,NULL,NULL,NULL,NULL,NULL,NULL,'N',NULL),(66,'0923903488','Suares Urena','William Wilfrido','','0990235072','wsuarez86@hotmail.com','wsuarez86@gmail.com','','1986-08-31',1,2,81,32,'A','SA','2016-12-28 00:00:00','WSUAREZU','2017-05-04 14:22:40',2118,NULL,NULL,NULL,NULL,NULL,NULL,NULL,NULL,NULL,NULL,NULL,NULL,NULL,NULL,NULL,NULL,NULL,NULL,NULL,'N',NULL),(67,'0916308406','Sanchez Cegarra','Javier Octavio',NULL,'','josc_1980@hotmail.es',NULL,NULL,'0000-00-00',1,1,1,1,'A','SA','2016-12-28 00:00:00',NULL,NULL,2118,NULL,NULL,NULL,NULL,NULL,NULL,NULL,NULL,NULL,NULL,NULL,NULL,NULL,NULL,NULL,NULL,NULL,NULL,NULL,'N',NULL),(68,'0922280003','Navarrete Macias','Jorge',NULL,'','jnavarrete1987@gmail.com',NULL,NULL,'0000-00-00',1,1,1,1,'A','SA','2016-12-28 00:00:00',NULL,NULL,2118,NULL,NULL,NULL,NULL,NULL,NULL,NULL,NULL,NULL,NULL,NULL,NULL,NULL,NULL,NULL,NULL,NULL,NULL,NULL,'N',NULL),(69,'0923046346','Erazo Rivera','Jorge Tarquino',NULL,'','jorgeterazo1988@hotmail.com',NULL,NULL,'0000-00-00',1,1,1,1,'A','SA','2016-12-28 00:00:00',NULL,NULL,2118,1,NULL,NULL,NULL,NULL,NULL,NULL,NULL,NULL,NULL,NULL,NULL,NULL,NULL,NULL,NULL,NULL,NULL,NULL,'N',NULL),(70,'9999999999','Bustos Franco','Genoveva','1234567','555555555','NN@GMAIL.COM',NULL,NULL,'0000-00-00',1,1,1,1,'A','SA',NULL,NULL,NULL,2118,NULL,NULL,NULL,NULL,NULL,NULL,NULL,NULL,NULL,NULL,NULL,NULL,NULL,NULL,NULL,NULL,NULL,NULL,NULL,'N',NULL),(71,'9999999991','Guin Portes','Ricardo','','1234567867','gin@hotmail.com','gin@hotmail.com','','2017-03-20',3,1,80,32,'A','CHERRERAB','2017-03-20 15:33:36','CHERRERAB','2017-03-20 15:34:42',2118,NULL,NULL,NULL,NULL,NULL,NULL,NULL,NULL,NULL,NULL,NULL,NULL,NULL,NULL,NULL,NULL,NULL,NULL,NULL,'N',NULL),(72,'9999999992','Carlosama Ortega','Narcisa','','1234567890','narcisa@hotmail.com','','','2017-03-20',3,2,80,32,'A','CHERRERAB','2017-03-20 15:37:41',NULL,NULL,2118,NULL,NULL,NULL,NULL,NULL,NULL,NULL,NULL,NULL,NULL,NULL,NULL,NULL,NULL,NULL,NULL,NULL,NULL,NULL,'N',NULL),(73,'9999999993','Pena Carrera','Eladio','','0000000000','eladio@hotmail.com','','','2017-03-20',3,2,80,32,'A','CHERRERAB','2017-03-20 15:40:28',NULL,NULL,2118,NULL,NULL,NULL,NULL,NULL,NULL,NULL,NULL,NULL,NULL,NULL,NULL,NULL,NULL,NULL,NULL,NULL,NULL,NULL,'N',NULL),(74,'9999999994','Sanchez Silvers','Liz ','02344555','0984228199','ami_lozada@hotmail.com','ami_lozada@hotmail.com','ami_lozada@hotmail.com','2008-01-21',1,1,81,32,'A','ALOZADAV','2017-03-21 09:36:42',NULL,NULL,2118,NULL,NULL,NULL,NULL,NULL,NULL,NULL,NULL,NULL,NULL,NULL,NULL,NULL,NULL,NULL,NULL,NULL,NULL,NULL,'N',NULL),(75,'1245778985','Coppiano Ramirez','Ruth','522','663','sf@gmail.com','sf@gmail.com','ddf@gmail.com','2017-03-21',3,1,80,35,'A','SA','2017-03-21 14:04:18',NULL,NULL,2118,NULL,NULL,NULL,NULL,NULL,NULL,NULL,NULL,NULL,NULL,NULL,NULL,NULL,NULL,NULL,NULL,NULL,NULL,NULL,'N',NULL),(76,'8888877665','Redroban Carey','Rosa','55','88','ff@gmail.com','rr@gg.com','rr@gmail.com','2017-03-21',3,1,80,33,'A','SA','2017-03-21 14:39:11',NULL,NULL,2118,NULL,NULL,NULL,NULL,NULL,NULL,NULL,NULL,NULL,NULL,NULL,NULL,NULL,NULL,NULL,NULL,NULL,NULL,NULL,'N',NULL),(77,'6655443321','Verdezoto','Jeffersson','55','88','ff@gmail.com','tt@gg.com','tt@yy.com','2017-03-15',3,1,80,13,'A','SA','2017-03-21 14:40:53',NULL,NULL,2118,NULL,NULL,NULL,NULL,NULL,NULL,NULL,NULL,NULL,NULL,NULL,NULL,NULL,NULL,NULL,NULL,NULL,NULL,NULL,'N',NULL),(78,'2222222257','Sivers Lozano','Julio','99','77','gg@gmail.com','gg@gmail.com','','2017-03-08',3,1,80,3,'A','SA','2017-03-21 14:59:11','SA','2017-04-19 09:42:12',2118,NULL,NULL,NULL,NULL,NULL,NULL,NULL,NULL,NULL,NULL,NULL,NULL,NULL,NULL,NULL,NULL,NULL,NULL,NULL,'N',NULL),(79,'3333333387','Cevallos Gaibor','Zoila','0965846785','0967584695','ZOIL@HOTMAIL.COM','ZOIL@HOTMAIL.COM','ZOIL@HOTMAIL.COM','1984-03-21',3,2,80,32,'A','SA','2017-03-21 15:29:15',NULL,NULL,2118,NULL,NULL,NULL,NULL,NULL,NULL,NULL,NULL,NULL,NULL,NULL,NULL,NULL,NULL,NULL,NULL,NULL,NULL,NULL,'N',NULL),(80,'9999999001','Suarez Vera ','Arsenio','','00000000000','E@OUTLOOK.COM','','','0002-11-20',1,2,80,32,'A','EMORANV','2017-03-22 11:51:25',NULL,NULL,2118,NULL,NULL,NULL,NULL,NULL,NULL,NULL,NULL,NULL,NULL,NULL,NULL,NULL,NULL,NULL,NULL,NULL,NULL,NULL,'N',NULL),(81,'0999990002','Barrera Rea','Victor','','0999999999','DAULE@HOTMAIL.COM','','','1969-11-02',7,2,75,32,'A','EMORANV','2017-03-22 12:31:03',NULL,NULL,2118,NULL,NULL,NULL,NULL,NULL,NULL,NULL,NULL,NULL,NULL,NULL,NULL,NULL,NULL,NULL,NULL,NULL,NULL,NULL,'N',NULL),(82,'8888888887','Nieto Rocafuerte','Wellington Emilio','666887','888','ff@h.com','ff@h.com','ff@h.com','2017-03-16',3,1,80,1,'A','SA','2017-03-23 08:15:03',NULL,NULL,2118,NULL,NULL,NULL,NULL,NULL,NULL,NULL,NULL,NULL,NULL,NULL,NULL,NULL,NULL,NULL,NULL,NULL,NULL,NULL,'N',NULL),(83,'0918701459','Cabrera SanMartin','Ana Patricia','045031701','0998097793','pcabrera8029@gmail.com','patricia1_cabrera@hotmail.com','pcabrera8029@gmail.com','2017-03-27',1,2,80,32,'A','SA','2017-03-27 08:21:17',NULL,NULL,2118,NULL,NULL,NULL,NULL,NULL,NULL,NULL,NULL,NULL,NULL,NULL,NULL,NULL,NULL,NULL,NULL,NULL,NULL,NULL,'N',NULL),(86,'5555557895','Casanova Gilces','Yelena','555','555','gg@h.com','re@g.com','h@h.com','2017-03-29',3,1,80,4,'A','SA','2017-03-29 08:38:25',NULL,NULL,2118,NULL,NULL,NULL,NULL,NULL,NULL,NULL,NULL,NULL,NULL,NULL,NULL,NULL,NULL,NULL,NULL,NULL,NULL,NULL,'N',NULL),(87,'0918359001','Manzano Araujo','Renato Javier','0984984009','0984984009','renman.net@gmail.com','renman.net@gmail.com','renman.net@gmail.com','1978-02-23',6,2,75,32,'A','SA','2017-03-29 08:41:17',NULL,NULL,2118,NULL,NULL,NULL,NULL,NULL,NULL,NULL,NULL,NULL,NULL,NULL,NULL,NULL,NULL,NULL,NULL,NULL,NULL,NULL,'N',NULL),(90,'0151515151','Olvera Vera ','Luis','','999999999','a@hotmail.com','','','2017-04-01',1,2,75,6,'A','SA','2017-04-19 09:50:40',NULL,NULL,2118,NULL,NULL,NULL,NULL,NULL,NULL,NULL,NULL,NULL,NULL,NULL,NULL,NULL,NULL,NULL,NULL,NULL,NULL,NULL,'N',NULL),(91,'0919936708','Romero Macias','Jose Eduardo','0994614264','0994614264','jrm_1109@hotmail.com','jrm_1109@hotmail.com','jrm_1109@hotmail.com','1980-09-11',1,1,75,32,'A','SA','2017-04-24 08:30:44',NULL,NULL,2118,NULL,NULL,NULL,NULL,NULL,NULL,NULL,NULL,NULL,NULL,NULL,NULL,NULL,NULL,NULL,NULL,NULL,NULL,NULL,'N',NULL),(92,'1234567895','VILLAO CABRERA','KARLA','55555','5555','chiferdo@gmail.com','chiferdo@gmail.com','chiferdo@gmail.com','2017-05-03',1,1,1,1,'A','SA','2017-05-03 00:00:00',NULL,NULL,2118,NULL,NULL,NULL,NULL,NULL,NULL,NULL,NULL,NULL,NULL,NULL,NULL,NULL,NULL,NULL,NULL,NULL,NULL,NULL,'N',NULL),(94,'0922495619','Alvarado Cortez','Eddy','042795563','0992976534','eddy_alexanderac@yahoo.es','eddyalexanderac@gmail.com','eddy.alvarado@itsjba.edu.ec','1984-09-22',1,1,80,32,'A','Jorge Navarrete','2017-05-04 13:37:39','SA','2017-07-19 17:08:42',2118,NULL,NULL,NULL,NULL,NULL,NULL,NULL,NULL,NULL,NULL,NULL,NULL,NULL,NULL,NULL,NULL,NULL,NULL,NULL,'N',NULL),(95,'0927188920','Garcia Salguero','Geovanny  Byron','2439595','0969587075','ingbyron5@gmail.com','ingbyron6@gmail.com','','1988-10-05',7,1,75,32,'A','pcabreras','2017-05-04 16:25:31','BGARCIAS','2018-08-21 13:32:48',2118,NULL,NULL,NULL,NULL,NULL,NULL,NULL,NULL,NULL,NULL,NULL,NULL,NULL,NULL,NULL,NULL,NULL,NULL,NULL,'N',NULL),(96,'1206234799','Casal Rodriguez','Chris Emerson','55','55','chriscasal90@hotmail.com','chriscasal90@hotmail.com','','1990-06-07',7,1,75,32,'A','SA','2017-05-04 19:09:10','CCASALR','2017-05-08 00:12:02',2118,NULL,NULL,NULL,NULL,NULL,NULL,NULL,NULL,NULL,NULL,NULL,NULL,NULL,NULL,NULL,NULL,NULL,NULL,NULL,'N',NULL),(97,'0917086357','Parrales Duarte','Mercedes Grimilda','44','44','mercedes.parrales.duarte@gmail.com','mercedes.parrales.duarte@gmail.com','','1983-07-09',1,1,75,32,'A','SA','2017-05-04 19:14:19','WSUAREZU','2017-07-19 15:46:18',2118,NULL,NULL,NULL,NULL,NULL,NULL,NULL,NULL,NULL,NULL,NULL,NULL,NULL,NULL,NULL,NULL,NULL,NULL,NULL,'N',NULL),(98,'0923577597','Marin Granda','Carlos Augusto','77','77','carlstop123@hotmail.com','carlstop123@hotmail.com','carlstop123@hotmail.com','2017-05-04',3,1,75,32,'A','SA','2017-05-04 19:17:27',NULL,NULL,2118,NULL,NULL,NULL,NULL,NULL,NULL,NULL,NULL,NULL,NULL,NULL,NULL,NULL,NULL,NULL,NULL,NULL,NULL,NULL,'N',NULL),(99,'0922255195','Labanda Guevara','Raymond David','8','8','raylabanda1@gmail.com','raylabanda1@gmail.com','raylabanda1@gmail.com','2017-05-04',3,1,75,32,'A','SA','2017-05-04 19:20:38',NULL,NULL,2118,NULL,NULL,NULL,NULL,NULL,NULL,NULL,NULL,NULL,NULL,NULL,NULL,NULL,NULL,NULL,NULL,NULL,NULL,NULL,'N',NULL),(100,'0911583946','Barzola Barzola','Pastor Alberto','','991148714','pabb67@yahoo.com','nnnnn@hotmail.com','nnnnn@hotmail.com','1967-04-07',1,2,80,32,'A','EPINARGOTEJ','2017-05-04 22:47:11',NULL,NULL,2118,NULL,NULL,NULL,NULL,NULL,NULL,NULL,NULL,NULL,NULL,NULL,NULL,NULL,NULL,NULL,NULL,NULL,NULL,NULL,'N',NULL),(101,'0928376292','MOSQUERA OLVERA','CAROLINA MARCELA','795996','0996615890','caro19mosquera@gmail.com','caro19mosquera@gmail.com','itsjba.secretaria@itsjba.edu.ec','1991-05-19',1,1,80,32,'A','SA','2017-05-22 08:21:20',NULL,NULL,2118,NULL,NULL,NULL,NULL,NULL,NULL,NULL,NULL,NULL,NULL,NULL,NULL,NULL,NULL,NULL,NULL,NULL,NULL,NULL,'N',NULL),(102,'0914798160','Del Rosario Yagual','Eduardo Anibal','0979249756','0979249756','ederosario@live.com','eduardo.delrosario@casagrande.edu.ec','edelrosario@itsjba.edu.ec','1986-12-05',1,2,75,32,'A','SA','2017-07-19 15:45:12',NULL,NULL,2118,NULL,NULL,NULL,NULL,NULL,NULL,NULL,NULL,NULL,NULL,NULL,NULL,NULL,NULL,NULL,NULL,NULL,NULL,NULL,'N',NULL),(103,'0919160416','Cevallos Jacome','Marcos Ricardo','2395370','0985424588','cedrieri@hotmail.com','','','1978-10-15',1,1,75,32,'A','Admin','2017-07-19 17:03:11',NULL,NULL,2118,NULL,NULL,NULL,NULL,NULL,NULL,NULL,NULL,NULL,NULL,NULL,NULL,NULL,NULL,NULL,NULL,NULL,NULL,NULL,'N',NULL),(104,'0923364434','Holguin Mero','Ruddy Lenin','2711943','0969600344','leninholguin17@gmail.com','len-holg@hotmail.com','lenin.holguin@itsjba.edu.ec','1983-02-19',3,2,84,32,'A','SA','2017-07-19 17:05:11',NULL,NULL,2118,NULL,NULL,NULL,NULL,NULL,NULL,NULL,NULL,NULL,NULL,NULL,NULL,NULL,NULL,NULL,NULL,NULL,NULL,NULL,'N',NULL),(105,'0928986389','Rios Chichande','Evelyn Jesenia','711242','0991604687','everiosc@gmail.com','','evelin.rios@itsjba.com','1993-04-12',1,1,84,32,'A','Admin','2017-07-19 17:14:26',NULL,NULL,2118,NULL,NULL,NULL,NULL,NULL,NULL,NULL,NULL,NULL,NULL,NULL,NULL,NULL,NULL,NULL,NULL,NULL,NULL,NULL,'N',NULL),(106,'0922500996','Benites Mero','Jazmin Estela','042461368','0996658261','jazminbenites9@gmail.com','jazzapovanadal7@gmail.com','jazmin.benites@itsjba.edu.ec','1987-05-09',3,1,75,32,'A','SA','2017-07-19 17:20:48',NULL,NULL,2118,NULL,NULL,NULL,NULL,NULL,NULL,NULL,NULL,NULL,NULL,NULL,NULL,NULL,NULL,NULL,NULL,NULL,NULL,NULL,'N',NULL),(107,'0922899448','NAULA ZUMBA','JOSE LUIS','2390924','0991070158','jluisnau@gmail.com','jluisnau@hotmail.com','jluisnau@gmail.com','1984-12-12',1,1,84,32,'A','Admin','2017-07-26 10:27:06',NULL,NULL,2118,NULL,NULL,NULL,NULL,NULL,NULL,NULL,NULL,NULL,NULL,NULL,NULL,NULL,NULL,NULL,NULL,NULL,NULL,NULL,'N',NULL),(108,'0925177503','BARRIENTOS ALVARADO','MILDRED KENIA','0989067676','0989067676','mildredbarrientos@outlook','mildredbarrientos@outlook','','1982-12-21',1,1,75,32,'A','Admin','2017-07-27 10:07:39','SA','2018-09-19 09:20:27',2118,NULL,NULL,NULL,NULL,NULL,NULL,NULL,NULL,NULL,NULL,NULL,NULL,NULL,NULL,NULL,NULL,NULL,NULL,NULL,'N',NULL),(109,'0923883383','Miranda Suarez','Rodolfo Fernando','12346789','22542222','lmiranda@gmail.com','lmiranda@gmail.com','lmiranda@gmail.com','2017-08-01',3,1,86,32,'A','SA','2017-08-29 09:12:51',NULL,NULL,2118,NULL,NULL,NULL,NULL,NULL,NULL,NULL,NULL,NULL,NULL,NULL,NULL,NULL,NULL,NULL,NULL,NULL,NULL,NULL,'N',NULL),(110,'1103815831','Ordoñez Crespo','Angel Marcelo','225555','45222','angel@gmail.com','angel@gmail.com','angel@gmail.com','2017-08-01',3,1,75,32,'A','SA','2017-08-29 09:16:11',NULL,NULL,2118,NULL,NULL,NULL,NULL,NULL,NULL,NULL,NULL,NULL,NULL,NULL,NULL,NULL,NULL,NULL,NULL,NULL,NULL,NULL,'N',NULL),(111,'0918149212','TORRES ALDAS','JENNY ELIZABETH','0996441440','0996441440','jennytorresaldas@hotmail.com','jennytorresaldas@hotmail.com','','1977-01-23',1,1,75,32,'A','WSUAREZU','2017-10-05 16:14:07','WSUAREZU','2017-10-05 16:19:06',2118,NULL,NULL,NULL,NULL,NULL,NULL,NULL,NULL,NULL,NULL,NULL,NULL,NULL,NULL,NULL,NULL,NULL,NULL,NULL,'N',NULL),(112,'1234567890','CAMPI MAYORGA','IDA','21454515','0994776714','idacampimayorga@hotmail.com','idacampimayorga@hotmail.com','rectorado@itsjba.edu.ec','1987-03-24',3,2,122,32,'A','SA','2017-11-03 17:53:51',NULL,NULL,2118,NULL,NULL,NULL,NULL,NULL,NULL,NULL,NULL,NULL,NULL,NULL,NULL,NULL,NULL,NULL,NULL,NULL,NULL,NULL,'N',NULL),(113,'1234567899','OLEAS','XAVIER','12345679','12345679','xavier.oleas@itsjba.edu.ec','xavier.oleas@itsjba.edu.ec','xavier.oleas@itsjba.edu.ec','1987-05-01',3,1,80,32,'A','SA','2017-12-10 19:32:17',NULL,NULL,2118,NULL,NULL,NULL,NULL,NULL,NULL,NULL,NULL,NULL,NULL,NULL,NULL,NULL,NULL,NULL,NULL,NULL,NULL,NULL,'N',NULL),(114,'1234567892','DRA','DRA','123456966','23326666','dra@gmail.com','dra@gmail.com','dra@gmail.com','1977-08-01',3,1,75,32,'A','SA','2017-12-10 19:35:29',NULL,NULL,2118,NULL,NULL,NULL,NULL,NULL,NULL,NULL,NULL,NULL,NULL,NULL,NULL,NULL,NULL,NULL,NULL,NULL,NULL,NULL,'N',NULL),(115,'1234567893','MECANICO','MECANICO','1234887','22225452','mecanico@gmail.com','mecanico@gmail.com','mecanico@gmail.com','1997-05-01',3,1,75,32,'A','SA','2017-12-10 19:41:31',NULL,NULL,2118,NULL,NULL,NULL,NULL,NULL,NULL,NULL,NULL,NULL,NULL,NULL,NULL,NULL,NULL,NULL,NULL,NULL,NULL,NULL,'N',NULL),(116,'0908783624','SOLIS SIERRA','MARLENE NARCISA','043828247','0985225151','mnssmarlene@hotmail.com','mnssmarlene@hotmail.com','viceitsjba@gmail.com','1962-08-08',1,1,75,32,'A','SA','2018-01-10 17:29:33',NULL,NULL,2118,NULL,NULL,NULL,NULL,NULL,NULL,NULL,NULL,NULL,NULL,NULL,NULL,NULL,NULL,NULL,NULL,NULL,NULL,NULL,'N',NULL),(117,'0915459010','ORTIZ MENENDEZ','GLADYS GIOMAR','','0979548004','geomarortiz13@hotmail.com','geomarortiz13@hotmail.com','','1972-02-20',1,1,88,32,'A','MTAMAYOM','2018-01-23 11:14:34','MTAMAYOM','2018-07-25 11:40:29',2118,NULL,NULL,NULL,NULL,NULL,NULL,NULL,NULL,NULL,NULL,NULL,NULL,NULL,NULL,NULL,NULL,NULL,NULL,NULL,'N',NULL),(118,'1714015607','TOAPANTA SIGCHO','WILMER JOSELO','1234565','1232455','wilmerjoselo@hotmail.com','wilmerjoselo@hotmail.com','wilmerjoselo@hotmail.com','1977-01-04',3,2,178,32,'A','SA','2018-03-08 00:45:14',NULL,NULL,2118,NULL,NULL,NULL,NULL,NULL,NULL,NULL,NULL,NULL,NULL,NULL,NULL,NULL,NULL,NULL,NULL,NULL,NULL,NULL,'N',NULL),(119,'0401477492','ENRIQUEZ ESPINOZA','DIEGO','122525','5256','diego1718@hotmail.es','diego1718@hotmail.es','diego1718@hotmail.es','1992-06-06',3,2,30,32,'A','SA','2018-03-08 00:53:37',NULL,NULL,2118,NULL,NULL,NULL,NULL,NULL,NULL,NULL,NULL,NULL,NULL,NULL,NULL,NULL,NULL,NULL,NULL,NULL,NULL,NULL,'N',NULL),(120,'0915303101','OBREGON GALARZA','WIMPER COLON','1255','54545','wimperobregon@hotmail.com','wimperobregon@hotmail.com','wimperobregon@hotmail.com','1974-02-26',3,2,75,32,'A','SA','2018-03-08 00:55:01',NULL,NULL,2118,NULL,NULL,NULL,NULL,NULL,NULL,NULL,NULL,NULL,NULL,NULL,NULL,NULL,NULL,NULL,NULL,NULL,NULL,NULL,'N',NULL),(121,'1310146905','MACIAS QUIMIS','RAMON ANTONIO','55544','555444','ob.prtvjnse@hotmail.com','ob.prtvjnse@hotmail.com','ob.prtvjnse@hotmail.com','1980-01-25',3,2,135,32,'A','SA','2018-03-08 00:56:25',NULL,NULL,2118,NULL,NULL,NULL,NULL,NULL,NULL,NULL,NULL,NULL,NULL,NULL,NULL,NULL,NULL,NULL,NULL,NULL,NULL,NULL,'N',NULL),(122,'0308689809','MOLINA CEDEÃ‘O','LUIS MIGUEL','5555','55444','luismy-83@hotmail.com','luismy-83@hotmail.com','luismy-83@hotmail.com','1983-01-28',3,2,135,32,'A','SA','2018-03-08 00:58:12',NULL,NULL,2118,NULL,NULL,NULL,NULL,NULL,NULL,NULL,NULL,NULL,NULL,NULL,NULL,NULL,NULL,NULL,NULL,NULL,NULL,NULL,'N',NULL),(123,'0915178867','LOZANO LEON','SEGUNDO ANDRES','55555','5444','andyll_72@hotmail.com','andyll_72@hotmail.com','andyll_72@hotmail.com','1972-03-27',3,2,89,32,'A','SA','2018-03-08 00:59:31',NULL,NULL,2118,NULL,NULL,NULL,NULL,NULL,NULL,NULL,NULL,NULL,NULL,NULL,NULL,NULL,NULL,NULL,NULL,NULL,NULL,NULL,'N',NULL),(124,'1206452185','ROSEL LUCIO','LIGNER CESIBEL','052571921','0996462326','ligner_20@hotmail.com','ligner_20@hotmail.com','ligner_20@hotmail.com','1990-05-20',3,2,122,32,'A','SA','2018-05-02 13:58:34',NULL,NULL,2118,NULL,NULL,NULL,NULL,NULL,NULL,NULL,NULL,NULL,NULL,NULL,NULL,NULL,NULL,NULL,NULL,NULL,NULL,NULL,'N',NULL),(125,'0999999999','SENESCYT','SENESCYT','042971919','0993899571','smoreno@senescyt.gob.ec','marcosofttamayo@hotmail.com','','1987-01-01',3,1,80,32,'A','SA','2018-06-08 14:21:30','SA','2018-09-17 09:37:05',2118,NULL,NULL,NULL,NULL,NULL,NULL,NULL,NULL,NULL,NULL,NULL,NULL,NULL,NULL,NULL,NULL,NULL,NULL,NULL,'N',NULL),(127,'0920191178','PALMA VIDAL','JULIO CESAR','042758319','0979053520','jpalmav@gmail.com','j.palmav@hotmail.com','j.palmav@hotmail.com','1981-03-01',7,2,75,33,'A','MTAMAYOM','2018-07-09 17:18:51',NULL,NULL,2118,NULL,NULL,NULL,NULL,NULL,NULL,NULL,NULL,NULL,NULL,NULL,NULL,NULL,NULL,NULL,NULL,NULL,NULL,NULL,'N',NULL),(128,'0920571585','BARRIGA PIZARRO','MABEL ELIZABETH','043877872','0996747037','mabel-barriga@hotmail.com','mabel-barriga@hotmail.com','mabel-barriga@hotmail.com','1982-07-12',1,1,75,32,'A','MTAMAYOM','2018-07-23 17:44:17',NULL,NULL,2118,NULL,NULL,NULL,NULL,NULL,NULL,NULL,NULL,NULL,NULL,NULL,NULL,NULL,NULL,NULL,NULL,NULL,NULL,NULL,'N',NULL),(129,'0929059087','RUGEL VILLAMAR','JENNY LISETTE','043018027','0979958015','lliss_rugel@hotmail.com','lliss_rugel@hotmail.com','lliss_rugel@hotmail.com','1992-04-06',1,2,75,32,'A','MTAMAYOM','2018-07-23 17:57:41',NULL,NULL,2118,NULL,NULL,NULL,NULL,NULL,NULL,NULL,NULL,NULL,NULL,NULL,NULL,NULL,NULL,NULL,NULL,NULL,NULL,NULL,'N',NULL),(130,'0940246069','QUIJIJE ROMAN','GLADYS JOHANNA','042796700','0988647970','johannajqr@gmail.com','johannajqr@gmail.com','johannajqr@gmail.com','1990-04-18',1,1,80,32,'A','MTAMAYOM','2018-07-23 18:06:18',NULL,NULL,2118,NULL,NULL,NULL,NULL,NULL,NULL,NULL,NULL,NULL,NULL,NULL,NULL,NULL,NULL,NULL,NULL,NULL,NULL,NULL,'N',NULL),(131,'0927979732','JIMENEZ VIZUETA','BRIANNIE HERLINDA','044506980','0996884278','brianniejimenez962@hotmail.com','brianniejimenez962@gmail.com','brianniejimenez962@hotmail.com','1996-02-01',3,2,80,32,'A','MTAMAYOM','2018-07-23 18:11:28',NULL,NULL,2118,NULL,NULL,NULL,NULL,NULL,NULL,NULL,NULL,NULL,NULL,NULL,NULL,NULL,NULL,NULL,NULL,NULL,NULL,NULL,'N',NULL),(132,'0924415664','CASTRO VAQUE','WENDY AZUCENA','0963026820','0963026820','wendy_1485@hotmail.com','wendycastrovaque@gmail.com','wendycastrovaque@gmail.com','1985-03-14',1,2,75,32,'A','MTAMAYOM','2018-07-24 14:04:27',NULL,NULL,2118,NULL,NULL,NULL,NULL,NULL,NULL,NULL,NULL,NULL,NULL,NULL,NULL,NULL,NULL,NULL,NULL,NULL,NULL,NULL,'N',NULL),(133,'0603576752','CHERREZ ESCOBAR','GEOVANNI DANIEL','0992997875','0992997875','gdanielc92@gmail.com','gdanielc92@gmail.com','gdanielc92@gmail.com','1992-01-09',1,1,80,32,'A','MTAMAYOM','2018-07-24 14:13:14',NULL,NULL,2118,NULL,NULL,NULL,NULL,NULL,NULL,NULL,NULL,NULL,NULL,NULL,NULL,NULL,NULL,NULL,NULL,NULL,NULL,NULL,'N',NULL),(134,'0923207229','CHIRIGUAYA LEON','JOSELYNE JAMILETH','042796413','0939181903','jamilethchl@gmail.com','jamilethchl@gmail.com','jamilethchl@gmail.com','0000-00-00',3,1,80,32,'A','MTAMAYOM','2018-07-24 15:26:02',NULL,NULL,2118,NULL,NULL,NULL,NULL,NULL,NULL,NULL,NULL,NULL,NULL,NULL,NULL,NULL,NULL,NULL,NULL,NULL,NULL,NULL,'N',NULL),(135,'0605648237','GUILCAPI VILLACRES','MONICA ALEXANDRA','0987579204','0987579204','moni.guilcapi.villacres@gmail.com','moni.guilcapi.villacres@gmail.com','moni.guilcapi.villacres@gmail.com','1994-01-06',1,1,80,32,'A','MTAMAYOM','2018-07-24 15:44:30',NULL,NULL,2118,NULL,NULL,NULL,NULL,NULL,NULL,NULL,NULL,NULL,NULL,NULL,NULL,NULL,NULL,NULL,NULL,NULL,NULL,NULL,'N',NULL),(136,'0202029112','MAZON CARVAJAL','LUIS PATRICIO','0991034735','0991034735','ptoomazon@hotmail.com','ptoomazon@hotmail.com','ptoomazon@hotmail.com','1990-03-20',1,1,80,32,'A','MTAMAYOM','2018-07-24 15:54:07',NULL,NULL,2118,NULL,NULL,NULL,NULL,NULL,NULL,NULL,NULL,NULL,NULL,NULL,NULL,NULL,NULL,NULL,NULL,NULL,NULL,NULL,'N',NULL),(137,'1203130594','CABRERA FLORES','KATTY PATRICIA','4507779','0997333401','ktypa@hotmail.es','kattycabreraflores@gmail.com','kattycabreraflores@gmail.com','1972-02-27',1,2,122,7,'A','JSANCHEZC','2018-07-24 16:13:26',NULL,NULL,2118,NULL,NULL,NULL,NULL,NULL,NULL,NULL,NULL,NULL,NULL,NULL,NULL,NULL,NULL,NULL,NULL,NULL,NULL,NULL,'N',NULL),(138,'0912888088','YEPEZ MORA','MONICA ARACELY','043080564','0998077772','ingmonicayepez@hotmail.com','mscmonicayepez@gmail.com','','1970-05-04',1,1,75,32,'A','JSANCHEZC','2018-07-24 17:10:13','myepezm','2018-08-22 05:50:55',2118,NULL,NULL,NULL,NULL,NULL,NULL,NULL,NULL,NULL,NULL,NULL,NULL,NULL,NULL,NULL,NULL,NULL,NULL,NULL,'N',NULL),(139,'0929286987','ASUNCION PARRALES','RAQUEL ARACELI','043080477','0999856193','r20asuncion@gmail.com','r20asuncion@hotmail.com','r20asuncion@hotmail.com','1991-04-20',1,1,75,32,'A','JSANCHEZC','2018-07-24 17:29:39',NULL,NULL,2118,NULL,NULL,NULL,NULL,NULL,NULL,NULL,NULL,NULL,NULL,NULL,NULL,NULL,NULL,NULL,NULL,NULL,NULL,NULL,'N',NULL),(140,'1202861900','MARISCAL ROSADO','ZOILA MIRELLA','570459','0989983464','zoimaro_3@hotmail.com','zoimaro_3@hotmail.com','','1973-08-10',1,2,122,32,'A','MTAMAYOM','2018-07-25 11:32:42','ZMARISCALR','2018-08-21 12:57:45',2118,NULL,NULL,NULL,NULL,NULL,NULL,NULL,NULL,NULL,NULL,NULL,NULL,NULL,NULL,NULL,NULL,NULL,NULL,NULL,'N',NULL),(141,'1205668989','MORA ROMERO','JESSICA LEONELA','0968107982','0968107982','jessicamoraromero@hotmail.com','jessicamoraromero@hotmail.com','','1985-02-15',1,1,75,32,'A','SA','2018-07-25 13:57:38','JMORAR','2018-08-16 09:23:06',2118,NULL,NULL,NULL,NULL,NULL,NULL,NULL,NULL,NULL,NULL,NULL,NULL,NULL,NULL,NULL,NULL,NULL,NULL,NULL,'N',NULL),(143,'1207621630','MONAR COLINA','ANGIE BRIGGETT','0993860993','0993860993','angie_brigg@hotmail.com','angie_brigg@hotmail.com','angie_brigg@hotmail.com','1993-07-24',1,1,80,32,'A','SA','2018-07-25 14:15:51','MTAMAYOM','2018-07-25 15:01:17',2118,NULL,NULL,NULL,NULL,NULL,NULL,NULL,NULL,NULL,NULL,NULL,NULL,NULL,NULL,NULL,NULL,NULL,NULL,NULL,'N',NULL),(144,'0942127374','Merino Gavilanes','Jonathan Eduardo','0960779715','0960779715','jonathanmerino94@gmail.com','jonathanmerino94@gmail.com','jonathanmerino94@gmail.com','1994-09-27',1,1,75,32,'A','MTAMAYOM','2018-08-06 21:03:31',NULL,NULL,2118,NULL,NULL,NULL,NULL,NULL,NULL,NULL,NULL,NULL,NULL,NULL,NULL,NULL,NULL,NULL,NULL,NULL,NULL,NULL,'N',NULL),(145,'0926400615','GUAMAN UZHCA','ERNESTO SEGUNDO','ng','0968255756','ernesto02ma86@gmail.com','eguamanunemi86@gmail.com','','1986-03-02',9,1,84,32,'A','SA','2018-09-01 07:57:38',NULL,NULL,2118,NULL,NULL,NULL,NULL,NULL,NULL,NULL,NULL,NULL,NULL,NULL,NULL,NULL,NULL,NULL,NULL,NULL,NULL,NULL,'N',NULL),(146,'4555588899','ffh','ghf','888888888888888','555555555555555','chiferdo@gmail.com','jessicamoraromero@hotmail.com','raulhuayamave10@gmail.com','1980-01-01',3,2,84,32,'A','SA','2018-09-25 20:25:31',NULL,NULL,2118,1,'bf','fgh',1,0,2,0,0,0,6,9,153,'DSD','00','SD',2147483647,9,2,'ffgfg','N',NULL),(147,'0914115811','ARIAS','JOSE','045068490','0991547393','jarias_15_2005@yahoo.com','josevariaslopez@gmail.com','jarias_15_2005@yahoo.com','1974-09-16',1,5,75,32,'A','rmanzanoa','2018-10-09 08:57:39',NULL,NULL,2118,1,'LOPEZ','VICENTE',1,0,1,35,955997,2,5,9,153,'COLINAS DEL SAMAN','14','MZ A',0,9,1,'Ecuatoriano','N',NULL),(148,'0916500002','AROCA','KAREN','042796036','0997846833','LUCIAYTIFFANNY@HOTMAIL.COM','LUCIAYTIFFANNY@HOTMAIL.COM','LUCIAYTIFFANNY@HOTMAIL.COM','2018-12-19',3,2,80,32,'A','SA','2018-12-19 14:49:47',NULL,NULL,2118,1,'FAJARDO','ILIANA',2,0,2,0,0,0,6,9,153,'LEONIDAS PROAÑO','S/N','FCO ROBLES',90906,9,2,'ECUATORIANA','N',NULL),(149,'0915232516','MUÑOZ','CARLOS','123456789','0987654321','nnn@gmail.com','nnnnn@gmail.com','NNN@itsjba.edu.ec','1975-01-01',1,2,75,32,'A','rmanzanoa','2019-01-21 16:59:30',NULL,NULL,2118,1,'BRAVO','RAUL',1,0,2,0,0,0,0,9,153,'calle nn','12','calle nnnm 12',0,9,0,'ECUATORIANA','N',NULL),(150,'0908903230','ALVARADO','JORGE','2394830','0988180185','JEACH2000@HOTMAIL.COM','JEACH2000@HOTMAIL.COM','JEACH2000@HOTMAIL.COM','1970-10-23',1,2,75,32,'A','SA','2019-01-21 18:26:52','JALVARADOC','2019-10-03 23:59:55',2118,1,'CHANG','ENRIQUE',1,0,2,0,0,0,6,9,153,'AV. COSME RENELLA','MZ 2 V3','FRENTE AL AEROPUERTO',90501,9,1,'ECUATORIANA','N',NULL),(151,'0925163313','COELLO','PAMELA','NOREGISTRA','NOREGISTRA','f2@gmail.com','NO REGISTRA','f2@gmail.com','2019-01-21',0,0,0,0,'A','SA','2019-01-21 18:29:11',NULL,NULL,2118,1,'ORDOÑEZ','DEL ROCÍO',2,0,0,0,0,0,0,0,0,'NO REGISTRA','NOREGISTRA','NO REGISTRA',0,0,2,'NO REGISTRA','N',NULL),(152,'1309569661','CORDOVA','DANNY','NOREGISTRA','NOREGISTRA','f3@gmail.com','NO REGISTRA','NO REGISTRA','1990-01-01',0,0,0,0,'A','SA','2019-01-21 18:31:19',NULL,NULL,2118,1,'GARCIA','SANTIAGO',0,0,0,0,0,0,0,0,0,'NO REGISTRA','NOREGISTRA','NO REGISTRA',0,0,0,'NO REGISTRA','N',NULL),(153,'0604366591','CRUZ','JHONNY','NOREGISTRA','NOREGISTRA','f4@gmail.com','NO REGISTRA','NO REGISTRA','1990-01-01',0,0,0,0,'A','SA','2019-01-21 18:33:03',NULL,NULL,2118,1,'MORETA','IVAN',0,0,0,0,0,0,0,0,0,'NO REGISTRA','NOREGISTRA','NO REGISTRA',0,0,0,'NO REGISTRA','N',NULL),(154,'0911054278','FRIAS','GERMAN','NOREGISTRA','NOREGISTRA','f6@gmail.com','NO REGISTRA','NO REGISTRA','1990-01-01',0,0,0,0,'A','SA','2019-01-21 18:58:30',NULL,NULL,2118,1,'CAMPOS','EDWIN',0,0,0,0,0,0,0,0,0,'NO REGISTRA','NOREGISTRA','NO REGISTRA',0,0,0,'NO REGISTRA','N',NULL),(155,'1720627007','MORALES','DAYANA','052570579','0983306819','d.morales2991@gmail.com','d.morales2991@gmail.com','d.morales2991@gmail.com','1991-04-29',1,1,122,32,'A','SA','2019-01-21 18:59:52','DMORALESP','2019-02-12 08:48:59',2118,1,'PASTAZA','SHULIET',2,0,2,0,0,0,6,12,153,'3ra transversal','00','2 longitudinal',0,17,2,'Ecuatoriana','S',14),(156,'0926593765','POZO','DANIEL','NOREGISTRA','NOREGISTRA','f8@gmail.com','NO REGISTRA','NO REGISTRA','1990-01-01',0,0,0,0,'A','SA','2019-01-21 19:25:24',NULL,NULL,2118,1,'MIELES','RAFAEL',0,0,0,0,0,0,0,0,0,'NO REGISTRA','NOREGISTRA','NO REGISTRA',0,0,0,'NO REGISTRA','N',NULL),(157,'0918100660','RUIZ','HENRY','044505517','0980935493','joker_sad@hotmail.com','harc.joker@gmail.com','NOREGISTR@1.com','1978-12-10',1,2,80,32,'A','SA','2019-01-21 19:26:56','HRUIZC','2019-08-21 06:18:11',2118,1,'CORREA','ASTOLFO',1,0,2,0,0,0,5,9,153,'JOAQUIN GALLEGOS LARA','N/A','AV. OLMEDO',593,9,1,'ECUATORIANA','N',NULL),(158,'0929484129','TORRES','HILARRY','NOREGISTRA','0979796505','hillary_2515@hotmail.com','f9@gmail.com','f9@gmail.com','1990-01-01',1,1,0,32,'A','SA','2019-01-21 19:32:04','AMONCAYOP','2019-05-06 13:47:31',2118,1,'RUIZ','MARISSA',2,0,2,0,0,0,0,0,0,'NO REGISTRA','NOREGISTRA','NO REGISTRA',0,0,2,'Ecuatoriana','N',NULL),(159,'1307823029','VELEZ','RONALD','NOREGISTRA','NOREGISTRA','f10@gmail.com','NO REGISTRA','NO REGISTRA','1990-01-01',0,0,0,0,'A','SA','2019-01-21 19:33:16',NULL,NULL,2118,1,'ZAMBRANO','DARWIN',0,0,0,0,0,0,0,0,0,'NO REGISTRA','NOREGISTRA','NO REGISTRA',0,0,0,'NO REGISTRA','N',NULL),(160,'1804083218','PEREZ','EMILIO','NOREGISTRA','NOREGISTRA','f16@gmail.com','NO REGISTRA','NO REGISTRA','1990-01-01',0,0,0,0,'A','SA','2019-01-22 12:57:50',NULL,NULL,2118,1,'ANDRADE','DAVID',0,0,0,0,0,0,0,0,0,'NO REGISTRA','NOREGISTRA','NO REGISTRA',0,0,0,'NO REGISTRA','N',NULL),(161,'0925931024','CARBO','CRISTHIAN','NOREGISTRA','NOREGISTRA','f86@gmail.com','NO REGISTRA','NO REGISTRA','1990-01-01',0,0,0,0,'A','SA','2019-01-22 13:04:01',NULL,NULL,2118,1,'CEDEÑO','ENRIQUE',0,0,0,0,0,0,0,0,0,'NO REGISTRA','NOREGISTRA','NO REGISTRA',0,0,0,'NO REGISTRA','N',NULL),(162,'1712638244','JARAMILLO','MARIA','022409931','0999378466','carlotajaramillom@hotmail.com','carlotajaramillom@hotmail.com','carlotajaramillom@hotmail.com','1991-01-31',1,4,178,35,'A','MTAMAYOM','2019-01-22 14:39:45',NULL,NULL,2118,1,'MALDONADO','CARLOTA',2,29,2,0,0,0,6,17,153,'JOSE MARIA BORRERO ','OE348 ','AV. REAL AUDIENCIA',11111,17,2,'ECUATORIANA','N',NULL),(163,'1206442616','ROMERO','DARIO','052020571','0992348022','dxromero@hotmail.com','dxromero@hotmail.com','dxromero@hotmail.com','1990-12-05',3,1,122,33,'A','MTAMAYOM','2019-02-08 15:22:52',NULL,NULL,2118,1,'SANTISTEVAN','XAVIER',1,0,2,0,0,0,0,12,153,'CIUDADELA EL CHOFER','704','AV. SEGUNDA CALLE TERCERA',11111,12,1,'ECUATORIANA','N',NULL),(164,'0919678706','MUÑOZ','MAURICIO','044505293','0983707036','mamamume8@gmail.com','mamamume8@gmail.com','NO REGISTRA','1982-07-09',1,1,80,32,'A','AMONCAYOP','2019-05-06 13:59:05',NULL,NULL,2118,1,'MEJÍA','MARCEL',1,0,2,0,0,0,0,9,153,'PADRE AGUIRRE 1','006','QUITO Y 9 DE OCTUBRE',90601,9,1,'ECUATORIANA',NULL,NULL),(165,'0931015093','BRIONES','MARILYN','042187347','0960633065','marilyn-briones-1992@hotmail.es','marilyn-briones-1992@hotmail.es','marilyn-briones-1992@hotmail.es','1992-07-09',3,1,75,32,'A','SA','2019-09-28 09:31:23',NULL,NULL,2118,1,'LUCIO','ANTONIETA',2,0,2,0,0,0,6,9,153,'JUAN MONTALVO','00','COOP PUEBLO Y SU REY',90901,9,2,'ECUATORIANA',NULL,NULL),(166,'0913745840','Escandón','José','00000','0985929852','jlescandomolina@gmail.com','xxxxx@noregistra.com','xxxxx@noregistra.com','1975-09-11',3,2,137,32,'A','AMONCAYOP','2019-10-29 09:35:56',NULL,NULL,2118,1,'Molina','Luis',1,0,2,0,0,0,6,13,153,'Av. Benjamín Carrión','Villa 1','Herradura',90707,9,1,'Ecuatoriana',NULL,NULL),(167,'1711864320','BORJA','PATRICIO','8888','5555','pborja@gmail.com','pborja@gmail.com','pborja@gmail.com','2019-10-30',3,1,75,32,'A','SA','2019-10-30 15:10:18',NULL,NULL,2118,1,'NEACATO','PATRICIO',1,0,2,0,0,0,6,9,153,'GUAYAQUIL','5555','GUAYAQUIL',90901,9,1,'ECUATORIANA',NULL,NULL),(168,'1714921127','LUZURIAGA','PEDRO','2222','25555','pluzuriaga@gmail.com','pluzuriaga@gmail.com','pluzuriaga@gmail.com','2019-10-30',3,1,75,32,'A','SA','2019-10-30 15:13:43',NULL,NULL,2118,1,'TACURI','FRANCISCO',1,0,2,0,0,0,6,9,153,'GUAYAQUIL','2000','GUAYAQUIL',90901,9,1,'ECUATORIANA',NULL,NULL),(169,'1804292496','CALIZ','WALTER','555','5555','wcaliz@gmail.com','wcaliz@gmail.com','wcaliz@gmail.com','2019-10-30',3,1,75,32,'A','SA','2019-10-30 15:17:16',NULL,NULL,2118,1,'ALBAN','ALEXANDER',1,0,2,0,0,0,6,9,153,'GUAYAQUIL','00','GUAYAQUIL',90901,9,1,'ECUATORIANA',NULL,NULL),(170,'1726886367','SUAREZ','ESTEFANIA','555','5555','esuarez@gmail.com','esuarez@gmail.com','esuarez@gmail.com','2019-10-30',3,1,75,32,'A','SA','2019-10-30 15:20:03',NULL,NULL,2118,1,'NARANJO','MARIBEL',1,0,2,0,0,0,6,9,153,'GUAYAQUIL','555','GUAYAQUIL',90901,9,2,'ECUATORIANA',NULL,NULL),(171,'9999999997','MEDINA','FATIMA','55','555','fmedina@gmail.com','fmedina@gmail.com','fmedina@gmail.com','2019-10-30',3,1,75,32,'A','SA','2019-10-30 15:28:32',NULL,NULL,2118,1,'BAJAÑA','ILIANA',1,0,2,0,0,0,6,9,153,'GUAYAQUIL','000','GUAYAQUIL',90901,9,2,'ECUATORIANA',NULL,NULL),(172,'0922427166','ULLAIRI','FABRICIO','042177886','0991153446','fabcastillo@outlook.com','fabcastillo@outlook.com','fabcastillo@outlook.com','1981-11-11',3,1,75,32,'A','SA','2019-11-05 15:17:56',NULL,NULL,2118,1,'CASTILLO','ERNAN',1,0,2,0,0,0,6,9,153,'BENJAMIN CARRIÓN','00','SN',90901,9,1,'ECUATORIANA',NULL,NULL),(173,'0914647565','NEIRA','MANUEL','225455','55545','chiferdo@gmail.com','chiferdo@gmail.com','chiferdo@gmail.com','2020-01-15',3,1,75,32,'A','SA','2020-01-15 14:19:30',NULL,NULL,2118,1,'REYES','ISRAEL',1,0,2,0,0,0,6,9,153,'GUAYAQUIL','000','55SDSD',90901,9,1,'Ecuador',NULL,NULL),(174,'0913184180','LEONES','WILSON','096828100','0994742149','yadirabarzola16@gmail.com','bsanmartin@istsb.edu.ec','esuarez@gmail.com','2020-01-15',3,1,75,32,'A','SA','2020-01-15 14:27:50',NULL,NULL,2118,1,'VEGA','KLEBER',1,0,2,0,0,0,6,9,153,'AV. ABDON CALDERON','555','AV. PASEO 54 C',90901,9,1,'ecuatoraina',NULL,NULL);
/*!40000 ALTER TABLE `personal` ENABLE KEYS */;
UNLOCK TABLES;

--
-- Dumping events for database 'bd_investigacion'
--

--
-- Dumping routines for database 'bd_investigacion'
--
/*!40103 SET TIME_ZONE=@OLD_TIME_ZONE */;

/*!40101 SET SQL_MODE=@OLD_SQL_MODE */;
/*!40014 SET FOREIGN_KEY_CHECKS=@OLD_FOREIGN_KEY_CHECKS */;
/*!40014 SET UNIQUE_CHECKS=@OLD_UNIQUE_CHECKS */;
/*!40101 SET CHARACTER_SET_CLIENT=@OLD_CHARACTER_SET_CLIENT */;
/*!40101 SET CHARACTER_SET_RESULTS=@OLD_CHARACTER_SET_RESULTS */;
/*!40101 SET COLLATION_CONNECTION=@OLD_COLLATION_CONNECTION */;
/*!40111 SET SQL_NOTES=@OLD_SQL_NOTES */;

-- Dump completed on 2021-03-19  1:36:44
